investor_id,sip_count,first_sip_date,last_sip_date,average_gap_days,median_gap_days,max_gap_days,status
INV001822,6,2024-03-16,2024-06-23,19.8,20.0,43,Healthy
INV004701,7,2024-01-31,2024-05-30,20.0,9.5,82,Healthy
INV002374,6,2024-10-21,2025-02-04,21.2,22.0,34,Healthy
INV002705,8,2024-04-11,2024-09-16,22.571428571428573,15.0,70,Healthy
INV002298,6,2024-09-30,2025-01-24,23.2,27.0,37,Healthy
INV000334,7,2024-07-06,2024-12-06,25.5,17.5,60,Healthy
INV001099,8,2024-07-28,2025-01-27,26.142857142857142,13.0,63,Healthy
INV000750,9,2024-08-03,2025-03-03,26.5,22.0,84,Healthy
INV001775,8,2024-10-12,2025-05-04,29.142857142857142,27.0,65,Healthy
INV003828,7,2024-02-25,2024-08-27,30.666666666666668,18.0,109,Healthy
INV004356,6,2024-10-25,2025-03-28,30.8,29.0,81,Healthy
INV000935,9,2024-02-12,2024-10-16,30.875,20.0,73,Healthy
INV000624,7,2024-01-31,2024-08-08,31.666666666666668,30.5,53,Healthy
INV002810,8,2024-06-26,2025-02-07,32.285714285714285,13.0,139,Healthy
INV000930,8,2024-07-19,2025-03-03,32.42857142857143,18.0,118,Healthy
INV000785,6,2024-10-10,2025-03-22,32.6,24.0,66,Healthy
INV003678,6,2024-11-15,2025-04-28,32.8,35.0,45,Healthy
INV002388,6,2024-11-27,2025-05-12,33.2,18.0,84,Healthy
INV002037,6,2024-03-04,2024-08-17,33.2,37.0,61,Healthy
INV002092,7,2024-05-20,2024-12-07,33.5,35.0,54,Healthy
INV002509,10,2024-02-07,2024-12-06,33.666666666666664,34.0,74,Healthy
INV003650,11,2024-02-24,2025-01-28,33.9,19.5,86,Healthy
INV001672,9,2024-03-30,2024-12-27,34.0,19.0,130,Healthy
INV004542,7,2024-02-14,2024-09-05,34.0,40.0,59,Healthy
INV004927,7,2024-02-25,2024-09-17,34.166666666666664,37.5,63,Healthy
INV004246,7,2024-02-18,2024-09-10,34.166666666666664,29.0,64,Healthy
INV003382,6,2024-07-13,2024-12-31,34.2,25.0,85,Healthy
INV000707,9,2024-08-07,2025-05-09,34.375,35.0,106,Healthy
INV003772,9,2024-03-19,2024-12-20,34.5,28.0,72,Healthy
INV000566,7,2024-08-24,2025-03-22,35.0,22.5,119,Healthy
INV003025,8,2024-02-18,2024-10-22,35.285714285714285,33.0,65,At Risk
INV000676,11,2024-05-10,2025-04-28,35.3,34.0,106,At Risk
INV002464,6,2024-02-21,2024-08-16,35.4,29.0,97,At Risk
INV004134,6,2024-01-06,2024-07-01,35.4,42.0,54,At Risk
INV003455,7,2024-05-17,2024-12-16,35.5,32.5,76,At Risk
INV000052,6,2024-03-31,2024-09-28,36.2,12.0,120,At Risk
INV003045,6,2024-03-07,2024-09-04,36.2,30.0,71,At Risk
INV000665,10,2024-05-22,2025-04-13,36.22222222222222,13.0,148,At Risk
INV004807,8,2024-08-19,2025-05-04,36.857142857142854,17.0,86,At Risk
INV001210,9,2024-03-04,2024-12-24,36.875,23.0,93,At Risk
INV002688,9,2024-06-25,2025-04-17,37.0,23.5,122,At Risk
INV000714,9,2024-06-07,2025-03-30,37.0,27.5,95,At Risk
INV004511,6,2024-10-04,2025-04-08,37.2,26.0,89,At Risk
INV002865,6,2024-04-21,2024-10-24,37.2,41.0,50,At Risk
INV000155,7,2024-06-18,2025-01-28,37.333333333333336,28.0,99,At Risk
INV000328,9,2024-03-09,2025-01-03,37.5,35.0,73,At Risk
INV003338,9,2024-05-21,2025-03-17,37.5,21.5,155,At Risk
INV002723,9,2024-07-31,2025-05-29,37.75,25.0,102,At Risk
INV003009,9,2024-06-16,2025-04-17,38.125,35.0,84,At Risk
INV002445,8,2024-02-24,2024-11-17,38.142857142857146,23.0,117,At Risk
INV000446,6,2024-02-13,2024-08-24,38.6,32.0,101,At Risk
INV004834,9,2024-02-05,2024-12-10,38.625,35.0,106,At Risk
INV001025,6,2024-07-19,2025-01-29,38.8,32.0,76,At Risk
INV004007,7,2024-01-23,2024-09-12,38.833333333333336,23.0,102,At Risk
INV002467,8,2024-01-03,2024-10-01,38.857142857142854,26.0,116,At Risk
INV001920,7,2024-09-02,2025-04-24,39.0,35.5,76,At Risk
INV002384,10,2024-06-05,2025-05-23,39.111111111111114,33.0,92,At Risk
INV003558,7,2024-03-10,2024-10-31,39.166666666666664,43.5,66,At Risk
INV004617,9,2024-02-02,2024-12-12,39.25,29.0,83,At Risk
INV000823,7,2024-02-21,2024-10-16,39.666666666666664,41.5,69,At Risk
INV004326,10,2024-04-22,2025-04-18,40.111111111111114,35.0,78,At Risk
INV000011,7,2024-01-03,2024-08-31,40.166666666666664,27.5,125,At Risk
INV002831,6,2024-05-28,2024-12-15,40.2,41.0,72,At Risk
INV002391,6,2024-05-05,2024-11-22,40.2,20.0,124,At Risk
INV002927,8,2024-08-01,2025-05-10,40.285714285714285,32.0,79,At Risk
INV004001,8,2024-06-10,2025-03-19,40.285714285714285,35.0,123,At Risk
INV002122,7,2024-09-26,2025-05-26,40.333333333333336,33.5,97,At Risk
INV002347,9,2024-06-10,2025-04-30,40.5,40.5,79,At Risk
INV004017,7,2024-04-01,2024-11-30,40.5,32.0,85,At Risk
INV003153,7,2024-02-14,2024-10-15,40.666666666666664,21.0,156,At Risk
INV004004,10,2024-05-18,2025-05-20,40.77777777777778,34.0,88,At Risk
INV000864,6,2024-01-16,2024-08-07,40.8,27.0,106,At Risk
INV002579,6,2024-08-14,2025-03-06,40.8,32.0,71,At Risk
INV004410,11,2024-03-02,2025-04-15,40.9,26.0,138,At Risk
INV003405,8,2024-07-02,2025-04-15,41.0,24.0,186,At Risk
INV004840,7,2024-05-22,2025-01-23,41.0,16.5,103,At Risk
INV002906,6,2024-06-23,2025-01-15,41.2,34.0,74,At Risk
INV001069,8,2024-06-02,2025-03-18,41.285714285714285,33.0,98,At Risk
INV002751,7,2024-05-15,2025-01-19,41.5,44.5,102,At Risk
INV001002,7,2024-04-01,2024-12-07,41.666666666666664,45.5,85,At Risk
INV004281,8,2024-01-17,2024-11-04,41.714285714285715,26.0,93,At Risk
INV004297,9,2024-06-19,2025-05-20,41.875,50.5,82,At Risk
INV004321,9,2024-01-04,2024-12-05,42.0,35.5,84,At Risk
INV001037,10,2024-02-26,2025-03-10,42.0,43.0,86,At Risk
INV004682,9,2024-01-04,2024-12-07,42.25,43.0,105,At Risk
INV002149,8,2024-05-03,2025-02-23,42.285714285714285,13.0,215,At Risk
INV001972,8,2024-01-14,2024-11-06,42.42857142857143,17.0,153,At Risk
INV004460,9,2024-01-23,2024-12-28,42.5,39.5,93,At Risk
INV003943,9,2024-04-22,2025-03-28,42.5,54.5,88,At Risk
INV002304,10,2024-03-28,2025-04-15,42.55555555555556,40.0,104,At Risk
INV004248,7,2024-02-25,2024-11-07,42.666666666666664,31.0,93,At Risk
INV000699,6,2024-03-27,2024-10-27,42.8,24.0,147,At Risk
INV001753,11,2024-03-07,2025-05-09,42.8,31.5,128,At Risk
INV001142,7,2024-04-27,2025-01-09,42.833333333333336,18.5,106,At Risk
INV002198,9,2024-05-08,2025-04-17,43.0,36.5,93,At Risk
INV001938,9,2024-04-22,2025-04-01,43.0,32.5,112,At Risk
INV002843,8,2024-07-18,2025-05-16,43.142857142857146,21.0,128,At Risk
INV001063,8,2024-02-17,2024-12-16,43.285714285714285,38.0,120,At Risk
INV004864,8,2024-03-05,2025-01-02,43.285714285714285,34.0,114,At Risk
INV000279,9,2024-03-01,2025-02-11,43.375,24.5,133,At Risk
INV002841,6,2024-09-09,2025-04-14,43.4,20.0,102,At Risk
INV000460,6,2024-03-02,2024-10-05,43.4,18.0,107,At Risk
INV002881,6,2024-04-08,2024-11-12,43.6,26.0,110,At Risk
INV003948,7,2024-08-14,2025-05-03,43.666666666666664,34.5,101,At Risk
INV000412,8,2024-07-06,2025-05-08,43.714285714285715,46.0,70,At Risk
INV000369,6,2024-03-06,2024-10-11,43.8,28.0,112,At Risk
INV001457,6,2024-01-21,2024-08-27,43.8,36.0,63,At Risk
INV004579,8,2024-03-24,2025-01-25,43.857142857142854,45.0,77,At Risk
INV000091,8,2024-01-04,2024-11-07,44.0,34.0,105,At Risk
INV003317,8,2024-04-02,2025-02-05,44.142857142857146,46.0,71,At Risk
INV002052,7,2024-02-08,2024-10-30,44.166666666666664,32.5,114,At Risk
INV003024,6,2024-09-24,2025-05-03,44.2,26.0,122,At Risk
INV001562,10,2024-03-01,2025-04-03,44.22222222222222,28.0,146,At Risk
INV003304,10,2024-01-14,2025-02-15,44.22222222222222,28.0,180,At Risk
INV002886,7,2024-01-24,2024-10-16,44.333333333333336,38.0,137,At Risk
INV000980,8,2024-04-26,2025-03-03,44.42857142857143,30.0,121,At Risk
INV001828,8,2024-01-23,2024-11-29,44.42857142857143,38.0,91,At Risk
INV000586,7,2024-01-23,2024-10-16,44.5,40.0,111,At Risk
INV001466,6,2024-02-25,2024-10-05,44.6,49.0,82,At Risk
INV000086,10,2024-02-05,2025-03-13,44.666666666666664,28.0,167,At Risk
INV004805,7,2024-07-05,2025-03-30,44.666666666666664,37.0,92,At Risk
INV002017,7,2024-04-23,2025-01-16,44.666666666666664,27.5,99,At Risk
INV004295,9,2024-02-06,2025-01-29,44.75,38.0,119,At Risk
INV002102,6,2024-06-16,2025-01-26,44.8,46.0,63,At Risk
INV000094,6,2024-04-04,2024-11-14,44.8,16.0,95,At Risk
INV001262,7,2024-07-06,2025-04-01,44.833333333333336,32.5,116,At Risk
INV001019,9,2024-02-19,2025-02-12,44.875,30.0,180,At Risk
INV000858,9,2024-04-27,2025-04-21,44.875,33.5,157,At Risk
INV004947,6,2024-02-02,2024-09-14,45.0,58.0,75,At Risk
INV002645,7,2024-03-16,2024-12-12,45.166666666666664,33.5,133,At Risk
INV001407,6,2024-01-08,2024-08-21,45.2,25.0,141,At Risk
INV003601,9,2024-05-18,2025-05-15,45.25,32.0,118,At Risk
INV003320,8,2024-04-06,2025-02-17,45.285714285714285,14.0,192,At Risk
INV001990,8,2024-06-17,2025-04-30,45.285714285714285,29.0,91,At Risk
INV002259,7,2024-04-27,2025-01-24,45.333333333333336,40.0,89,At Risk
INV003872,9,2024-05-15,2025-05-13,45.375,41.0,85,At Risk
INV004177,8,2024-02-15,2024-12-29,45.42857142857143,34.0,117,At Risk
INV000249,7,2024-04-09,2025-01-07,45.5,24.5,162,At Risk
INV002142,9,2024-05-01,2025-04-30,45.5,25.5,162,At Risk
INV000033,8,2024-06-24,2025-05-09,45.57142857142857,52.0,87,At Risk
INV002726,8,2024-06-18,2025-05-03,45.57142857142857,52.0,84,At Risk
INV001580,7,2024-07-23,2025-04-23,45.666666666666664,40.0,119,At Risk
INV001288,7,2024-04-08,2025-01-07,45.666666666666664,26.5,148,At Risk
INV000865,9,2024-04-15,2025-04-16,45.75,41.5,99,At Risk
INV002693,7,2024-06-06,2025-03-08,45.833333333333336,48.0,72,At Risk
INV003735,8,2024-03-29,2025-02-13,45.857142857142854,34.0,104,At Risk
INV002950,8,2024-05-21,2025-04-07,45.857142857142854,34.0,119,At Risk
INV004358,8,2024-02-14,2024-12-31,45.857142857142854,51.0,87,At Risk
INV004289,11,2024-02-13,2025-05-17,45.9,28.0,201,At Risk
INV000772,6,2024-06-15,2025-01-31,46.0,37.0,81,At Risk
INV000048,9,2024-03-27,2025-03-30,46.0,34.0,168,At Risk
INV000113,8,2024-02-11,2024-12-29,46.0,33.0,144,At Risk
INV000292,7,2024-05-13,2025-02-13,46.0,49.5,95,At Risk
INV003860,6,2024-09-23,2025-05-11,46.0,61.0,72,At Risk
INV000881,10,2024-01-10,2025-02-28,46.111111111111114,28.0,155,At Risk
INV001318,10,2024-01-27,2025-03-18,46.22222222222222,19.0,150,At Risk
INV000109,9,2024-02-29,2025-03-05,46.25,53.5,63,At Risk
INV004996,10,2024-03-04,2025-04-25,46.333333333333336,35.0,104,At Risk
INV003082,8,2024-03-16,2025-02-04,46.42857142857143,24.0,142,At Risk
INV004400,8,2024-03-09,2025-01-29,46.57142857142857,37.0,104,At Risk
INV004154,12,2024-01-01,2025-05-29,46.72727272727273,43.0,90,At Risk
INV000449,6,2024-06-13,2025-02-02,46.8,49.0,70,At Risk
INV002712,11,2024-02-06,2025-05-19,46.8,26.5,174,At Risk
INV000408,6,2024-04-15,2024-12-05,46.8,33.0,125,At Risk
INV000971,7,2024-08-08,2025-05-16,46.833333333333336,30.0,139,At Risk
INV001048,8,2024-03-19,2025-02-11,47.0,43.0,84,At Risk
INV000293,7,2024-01-09,2024-10-17,47.0,44.0,91,At Risk
INV002390,6,2024-03-20,2024-11-10,47.0,35.0,100,At Risk
INV000609,6,2024-01-01,2024-08-23,47.0,34.0,87,At Risk
INV000531,7,2024-07-19,2025-04-27,47.0,53.0,82,At Risk
INV003635,10,2024-01-28,2025-03-27,47.111111111111114,43.0,95,At Risk
INV004680,7,2024-07-07,2025-04-16,47.166666666666664,17.0,155,At Risk
INV002402,7,2024-08-17,2025-05-27,47.166666666666664,56.0,89,At Risk
INV001853,8,2024-02-20,2025-01-17,47.42857142857143,43.0,95,At Risk
INV003767,9,2024-01-19,2025-02-02,47.5,38.5,125,At Risk
INV001738,9,2024-02-24,2025-03-10,47.5,33.5,153,At Risk
INV000493,10,2024-03-01,2025-05-03,47.55555555555556,27.0,201,At Risk
INV002069,10,2024-01-09,2025-03-12,47.55555555555556,40.0,95,At Risk
INV000030,9,2024-02-19,2025-03-06,47.625,43.5,100,At Risk
INV004202,9,2024-03-30,2025-04-15,47.625,44.0,114,At Risk
INV001406,10,2024-03-12,2025-05-15,47.666666666666664,22.0,202,At Risk
INV001986,7,2024-07-03,2025-04-15,47.666666666666664,43.5,98,At Risk
INV003450,10,2024-02-29,2025-05-03,47.666666666666664,28.0,158,At Risk
INV003634,6,2024-02-15,2024-10-11,47.8,58.0,83,At Risk
INV000847,6,2024-05-28,2025-01-22,47.8,55.0,75,At Risk
INV001348,7,2024-03-07,2024-12-19,47.833333333333336,37.5,121,At Risk
INV002407,7,2024-08-02,2025-05-16,47.833333333333336,29.5,167,At Risk
INV002935,7,2024-05-08,2025-02-20,48.0,54.5,72,At Risk
INV003311,9,2024-04-09,2025-04-28,48.0,22.5,149,At Risk
INV003115,6,2024-05-01,2024-12-27,48.0,30.0,125,At Risk
INV004049,6,2024-08-05,2025-04-03,48.2,55.0,83,At Risk
INV002870,6,2024-01-18,2024-09-15,48.2,44.0,109,At Risk
INV002552,10,2024-01-10,2025-03-19,48.22222222222222,37.0,184,At Risk
INV000073,9,2024-03-20,2025-04-10,48.25,38.5,112,At Risk
INV003007,9,2024-05-05,2025-05-26,48.25,32.5,162,At Risk
INV003559,10,2024-01-25,2025-04-04,48.333333333333336,39.0,118,At Risk
INV004560,9,2024-02-26,2025-03-19,48.375,46.0,107,At Risk
INV002185,6,2024-03-16,2024-11-13,48.4,42.0,92,At Risk
INV003829,10,2024-02-12,2025-04-24,48.55555555555556,34.0,159,At Risk
INV004712,8,2024-03-18,2025-02-21,48.57142857142857,64.0,84,At Risk
INV001423,8,2024-02-03,2025-01-08,48.57142857142857,46.0,105,At Risk
INV000255,6,2024-03-05,2024-11-03,48.6,61.0,103,At Risk
INV001995,6,2024-02-18,2024-10-18,48.6,54.0,94,At Risk
INV002294,8,2024-04-01,2025-03-08,48.714285714285715,32.0,163,At Risk
INV000977,10,2024-01-13,2025-03-27,48.77777777777778,27.0,147,At Risk
INV000239,8,2024-04-16,2025-03-24,48.857142857142854,39.0,105,At Risk
INV001636,9,2024-01-05,2025-01-30,48.875,29.5,159,At Risk
INV004338,10,2024-02-05,2025-04-20,48.888888888888886,30.0,209,At Risk
INV002813,7,2024-04-30,2025-02-18,49.0,29.0,149,At Risk
INV002206,7,2024-02-22,2024-12-12,49.0,39.0,141,At Risk
INV000069,10,2024-02-14,2025-05-01,49.111111111111114,32.0,129,At Risk
INV004981,8,2024-01-05,2024-12-14,49.142857142857146,43.0,115,At Risk
INV002437,7,2024-04-25,2025-02-14,49.166666666666664,18.5,212,At Risk
INV003018,6,2024-03-13,2024-11-14,49.2,29.0,156,At Risk
INV003495,10,2024-02-03,2025-04-21,49.22222222222222,38.0,121,At Risk
INV002195,9,2024-03-05,2025-04-03,49.25,40.5,154,At Risk
INV002915,8,2024-03-02,2025-02-10,49.285714285714285,20.0,117,At Risk
INV001673,11,2024-01-11,2025-05-18,49.3,27.0,181,At Risk
INV000612,11,2024-01-16,2025-05-23,49.3,30.5,169,At Risk
INV000853,10,2024-01-22,2025-04-10,49.333333333333336,21.0,193,At Risk
INV003582,7,2024-06-17,2025-04-09,49.333333333333336,18.0,167,At Risk
INV002904,7,2024-06-25,2025-04-17,49.333333333333336,35.0,104,At Risk
INV000452,9,2024-03-09,2025-04-08,49.375,40.5,123,At Risk
INV000399,10,2024-01-08,2025-03-29,49.55555555555556,56.0,68,At Risk
INV001759,10,2024-02-17,2025-05-08,49.55555555555556,55.0,126,At Risk
INV001800,7,2024-01-15,2024-11-08,49.666666666666664,45.0,132,At Risk
INV002554,7,2024-01-04,2024-10-28,49.666666666666664,41.0,100,At Risk
INV002475,10,2024-03-06,2025-05-27,49.666666666666664,52.0,119,At Risk
INV004258,7,2024-03-30,2025-01-22,49.666666666666664,49.5,105,At Risk
INV002527,7,2024-01-18,2024-11-11,49.666666666666664,50.0,93,At Risk
INV000057,8,2024-04-30,2025-04-13,49.714285714285715,34.0,149,At Risk
INV003655,10,2024-02-13,2025-05-06,49.77777777777778,18.0,198,At Risk
INV004447,7,2024-02-18,2024-12-13,49.833333333333336,36.0,129,At Risk
INV003847,8,2024-05-31,2025-05-16,50.0,63.0,66,At Risk
INV004455,6,2024-08-14,2025-04-21,50.0,49.0,105,At Risk
INV002893,9,2024-01-01,2025-02-04,50.0,16.5,148,At Risk
INV002689,8,2024-03-10,2025-02-23,50.0,51.0,115,At Risk
INV003599,6,2024-01-24,2024-09-30,50.0,51.0,100,At Risk
INV004135,10,2024-01-11,2025-04-06,50.111111111111114,22.0,164,At Risk
INV003975,8,2024-05-11,2025-04-27,50.142857142857146,32.0,125,At Risk
INV004149,6,2024-05-12,2025-01-18,50.2,30.0,130,At Risk
INV002590,10,2024-01-28,2025-04-24,50.22222222222222,34.0,125,At Risk
INV003404,8,2024-03-01,2025-02-16,50.285714285714285,33.0,198,At Risk
INV003903,8,2024-02-07,2025-01-24,50.285714285714285,25.0,130,At Risk
INV004279,8,2024-02-26,2025-02-12,50.285714285714285,47.0,116,At Risk
INV002422,10,2024-01-25,2025-04-22,50.333333333333336,34.0,139,At Risk
INV000981,6,2024-09-11,2025-05-21,50.4,31.0,104,At Risk
INV000252,6,2024-01-25,2024-10-03,50.4,58.0,96,At Risk
INV001526,6,2024-02-17,2024-10-26,50.4,39.0,134,At Risk
INV001314,10,2024-02-03,2025-05-02,50.44444444444444,43.0,130,At Risk
INV001361,7,2024-01-28,2024-11-26,50.5,50.0,103,At Risk
INV001728,8,2024-01-15,2025-01-03,50.57142857142857,39.0,131,At Risk
INV003738,6,2024-08-25,2025-05-05,50.6,39.0,117,At Risk
INV004643,6,2024-02-09,2024-10-19,50.6,48.0,101,At Risk
INV004630,9,2024-01-17,2025-02-25,50.625,58.0,95,At Risk
INV004472,7,2024-07-18,2025-05-18,50.666666666666664,20.0,156,At Risk
INV003722,7,2024-05-21,2025-03-21,50.666666666666664,26.5,135,At Risk
INV000331,8,2024-01-23,2025-01-12,50.714285714285715,32.0,163,At Risk
INV001886,9,2024-03-17,2025-04-27,50.75,18.5,129,At Risk
INV001295,9,2024-01-05,2025-02-14,50.75,31.5,165,At Risk
INV003771,10,2024-01-12,2025-04-13,50.77777777777778,59.0,130,At Risk
INV002389,10,2024-02-06,2025-05-08,50.77777777777778,27.0,126,At Risk
INV004427,11,2024-01-07,2025-05-29,50.8,42.0,125,At Risk
INV000527,6,2024-09-07,2025-05-19,50.8,19.0,116,At Risk
INV003812,7,2024-07-02,2025-05-03,50.833333333333336,23.0,174,At Risk
INV000573,7,2024-01-27,2024-11-27,50.833333333333336,35.0,154,At Risk
INV002199,7,2024-02-14,2024-12-15,50.833333333333336,45.0,94,At Risk
INV001219,8,2024-03-04,2025-02-23,50.857142857142854,38.0,118,At Risk
INV004843,8,2024-04-07,2025-03-29,50.857142857142854,35.0,153,At Risk
INV003091,9,2024-03-12,2025-04-23,50.875,31.0,199,At Risk
INV003681,9,2024-03-10,2025-04-22,51.0,37.5,101,At Risk
INV003530,6,2024-09-13,2025-05-26,51.0,55.0,101,At Risk
INV004917,7,2024-06-14,2025-04-16,51.0,55.0,77,At Risk
INV003256,7,2024-07-25,2025-05-27,51.0,51.0,90,At Risk
INV000201,9,2024-01-17,2025-03-01,51.125,50.0,100,At Risk
INV003236,9,2024-01-18,2025-03-02,51.125,32.5,115,At Risk
INV001061,9,2024-02-19,2025-04-03,51.125,29.5,141,At Risk
INV004611,7,2024-02-11,2024-12-14,51.166666666666664,18.5,217,At Risk
INV001826,6,2024-02-25,2024-11-07,51.2,32.0,128,At Risk
INV003964,10,2024-01-10,2025-04-15,51.22222222222222,63.0,130,At Risk
INV001299,9,2024-02-26,2025-04-11,51.25,43.0,121,At Risk
INV003581,8,2024-06-03,2025-05-28,51.285714285714285,52.0,95,At Risk
INV002974,7,2024-05-13,2025-03-17,51.333333333333336,49.0,105,At Risk
INV002598,9,2024-02-21,2025-04-07,51.375,31.5,179,At Risk
INV003431,6,2024-07-01,2025-03-15,51.4,39.0,152,At Risk
INV002733,8,2024-05-25,2025-05-21,51.57142857142857,11.0,150,At Risk
INV002508,9,2024-04-06,2025-05-24,51.625,27.5,171,At Risk
INV002083,10,2024-02-03,2025-05-13,51.666666666666664,40.0,193,At Risk
INV002237,7,2024-05-17,2025-03-23,51.666666666666664,26.0,142,At Risk
INV003695,7,2024-07-13,2025-05-19,51.666666666666664,21.5,157,At Risk
INV001649,10,2024-02-07,2025-05-17,51.666666666666664,33.0,120,At Risk
INV001628,8,2024-05-27,2025-05-24,51.714285714285715,36.0,139,At Risk
INV000596,9,2024-02-01,2025-03-21,51.75,36.0,140,At Risk
INV001709,6,2024-01-10,2024-09-25,51.8,54.0,84,At Risk
INV001514,7,2024-02-27,2025-01-03,51.833333333333336,48.5,72,At Risk
INV002951,7,2024-03-03,2025-01-08,51.833333333333336,62.0,82,At Risk
INV001315,7,2024-02-09,2024-12-16,51.833333333333336,23.5,124,At Risk
INV003740,7,2024-04-05,2025-02-10,51.833333333333336,25.5,172,At Risk
INV001208,7,2024-03-13,2025-01-18,51.833333333333336,49.0,107,At Risk
INV003761,8,2024-04-02,2025-03-31,51.857142857142854,37.0,150,At Risk
INV004023,10,2024-02-12,2025-05-25,52.0,67.0,93,At Risk
INV003630,7,2024-04-14,2025-02-20,52.0,48.5,96,At Risk
INV000309,8,2024-01-08,2025-01-06,52.0,38.0,157,At Risk
INV000148,9,2024-03-11,2025-05-01,52.0,35.5,168,At Risk
INV000428,8,2024-01-01,2024-12-31,52.142857142857146,34.0,164,At Risk
INV004348,6,2024-08-24,2025-05-12,52.2,38.0,120,At Risk
INV002349,6,2024-04-08,2024-12-25,52.2,60.0,75,At Risk
INV002591,6,2024-06-19,2025-03-07,52.2,31.0,139,At Risk
INV000634,9,2024-01-22,2025-03-15,52.25,41.5,147,At Risk
INV000698,9,2024-02-20,2025-04-13,52.25,19.5,219,At Risk
INV000556,8,2024-03-07,2025-03-09,52.42857142857143,35.0,156,At Risk
INV004974,8,2024-04-12,2025-04-14,52.42857142857143,56.0,102,At Risk
INV001739,9,2024-02-28,2025-04-23,52.5,59.0,96,At Risk
INV003938,7,2024-02-10,2024-12-21,52.5,57.5,110,At Risk
INV002367,7,2024-05-11,2025-03-22,52.5,16.5,134,At Risk
INV002847,10,2024-01-03,2025-04-21,52.666666666666664,39.0,129,At Risk
INV003375,8,2024-04-30,2025-05-04,52.714285714285715,32.0,158,At Risk
INV003534,8,2024-03-30,2025-04-03,52.714285714285715,22.0,160,At Risk
INV004282,8,2024-04-15,2025-04-20,52.857142857142854,55.0,105,At Risk
INV002744,10,2024-01-31,2025-05-21,52.888888888888886,41.0,139,At Risk
INV002413,8,2024-05-24,2025-05-30,53.0,39.0,189,At Risk
INV002496,6,2024-08-09,2025-05-01,53.0,36.0,156,At Risk
INV002822,7,2024-07-02,2025-05-16,53.0,51.0,108,At Risk
INV001616,9,2024-01-29,2025-03-28,53.0,56.5,117,At Risk
INV000751,9,2024-03-29,2025-05-27,53.0,38.5,193,At Risk
INV000942,7,2024-03-09,2025-01-21,53.0,53.0,92,At Risk
INV003005,8,2024-02-28,2025-03-06,53.142857142857146,58.0,107,At Risk
INV004555,8,2024-04-26,2025-05-03,53.142857142857146,47.0,151,At Risk
INV002850,7,2024-04-13,2025-02-26,53.166666666666664,36.5,166,At Risk
INV003642,7,2024-01-24,2024-12-08,53.166666666666664,25.0,217,At Risk
INV002666,7,2024-06-06,2025-04-21,53.166666666666664,45.5,100,At Risk
INV002282,6,2024-05-02,2025-01-23,53.2,46.0,102,At Risk
INV004267,7,2024-06-26,2025-05-12,53.333333333333336,46.5,109,At Risk
INV002921,7,2024-04-28,2025-03-14,53.333333333333336,33.5,121,At Risk
INV001060,9,2024-01-19,2025-03-21,53.375,61.0,89,At Risk
INV001195,8,2024-03-16,2025-03-25,53.42857142857143,13.0,167,At Risk
INV000265,10,2024-01-25,2025-05-20,53.44444444444444,44.0,140,At Risk
INV000642,9,2024-03-19,2025-05-21,53.5,44.5,139,At Risk
INV003669,7,2024-05-25,2025-04-11,53.5,49.0,98,At Risk
INV000262,8,2024-04-18,2025-04-28,53.57142857142857,41.0,122,At Risk
INV000388,9,2024-02-27,2025-05-01,53.625,51.0,119,At Risk
INV004241,10,2024-01-31,2025-05-28,53.666666666666664,48.0,117,At Risk
INV004798,7,2024-01-25,2024-12-12,53.666666666666664,52.0,106,At Risk
INV003277,8,2024-05-19,2025-05-30,53.714285714285715,40.0,192,At Risk
INV002459,8,2024-02-03,2025-02-13,53.714285714285715,51.0,161,At Risk
INV004459,7,2024-03-15,2025-02-01,53.833333333333336,45.0,141,At Risk
INV004414,8,2024-01-02,2025-01-13,53.857142857142854,45.0,176,At Risk
INV000901,6,2024-05-23,2025-02-17,54.0,58.0,95,At Risk
INV003351,6,2024-07-15,2025-04-11,54.0,57.0,86,At Risk
INV000631,6,2024-03-06,2024-12-01,54.0,23.0,145,At Risk
INV004528,7,2024-07-01,2025-05-21,54.0,31.5,149,At Risk
INV000359,9,2024-02-19,2025-04-27,54.125,33.5,197,At Risk
INV004848,9,2024-01-17,2025-03-25,54.125,41.0,166,At Risk
INV001051,8,2024-04-02,2025-04-16,54.142857142857146,45.0,139,At Risk
INV002179,8,2024-02-10,2025-02-23,54.142857142857146,13.0,171,At Risk
INV004621,9,2024-01-13,2025-03-22,54.25,36.0,203,At Risk
INV001811,9,2024-03-04,2025-05-12,54.25,19.0,196,At Risk
INV001504,9,2024-03-21,2025-05-29,54.25,46.0,134,At Risk
INV003586,8,2024-04-20,2025-05-05,54.285714285714285,46.0,113,At Risk
INV004638,7,2024-04-23,2025-03-15,54.333333333333336,53.5,110,At Risk
INV000356,6,2024-06-13,2025-03-12,54.4,44.0,157,At Risk
INV000341,8,2024-02-18,2025-03-05,54.42857142857143,18.0,191,At Risk
INV004521,7,2024-05-10,2025-04-02,54.5,58.0,76,At Risk
INV000097,7,2024-05-10,2025-04-02,54.5,21.0,183,At Risk
INV000683,9,2024-01-08,2025-03-19,54.5,23.5,137,At Risk
INV001603,7,2024-02-06,2024-12-29,54.5,51.5,93,At Risk
INV003070,9,2024-01-06,2025-03-17,54.5,51.5,132,At Risk
INV000372,7,2024-03-03,2025-01-24,54.5,39.0,121,At Risk
INV004737,10,2024-01-20,2025-05-25,54.55555555555556,38.0,120,At Risk
INV004574,8,2024-03-23,2025-04-09,54.57142857142857,58.0,116,At Risk
INV004901,6,2024-06-18,2025-03-18,54.6,60.0,96,At Risk
INV001308,9,2024-01-29,2025-04-10,54.625,50.0,147,At Risk
INV003015,7,2024-06-27,2025-05-21,54.666666666666664,58.0,91,At Risk
INV003952,7,2024-04-20,2025-03-14,54.666666666666664,61.5,95,At Risk
INV001971,8,2024-04-11,2025-04-29,54.714285714285715,60.0,87,At Risk
INV000512,9,2024-02-18,2025-05-01,54.75,50.5,112,At Risk
INV004642,6,2024-02-23,2024-11-23,54.8,7.0,232,At Risk
INV000641,6,2024-08-03,2025-05-04,54.8,49.0,126,At Risk
INV004116,10,2024-01-18,2025-05-26,54.888888888888886,46.0,117,At Risk
INV000894,6,2024-07-26,2025-04-27,55.0,41.0,105,At Risk
INV001871,7,2024-01-26,2024-12-21,55.0,55.0,101,At Risk
INV000524,7,2024-06-19,2025-05-15,55.0,60.0,91,At Risk
INV004533,7,2024-05-26,2025-04-21,55.0,53.5,118,At Risk
INV001485,9,2024-02-05,2025-04-20,55.0,50.5,150,At Risk
INV004608,8,2024-02-04,2025-02-23,55.0,40.0,96,At Risk
INV000546,9,2024-01-14,2025-03-29,55.0,33.0,154,At Risk
INV004973,9,2024-02-14,2025-04-29,55.0,49.5,99,At Risk
INV002033,7,2024-01-04,2024-11-29,55.0,26.0,123,At Risk
INV003906,10,2024-01-13,2025-05-23,55.111111111111114,65.0,115,At Risk
INV003189,9,2024-02-02,2025-04-18,55.125,36.5,198,At Risk
INV001858,8,2024-04-05,2025-04-26,55.142857142857146,21.0,261,At Risk
INV000789,8,2024-02-29,2025-03-21,55.142857142857146,26.0,225,At Risk
INV004504,8,2024-02-21,2025-03-13,55.142857142857146,19.0,247,At Risk
INV003139,7,2024-03-21,2025-02-15,55.166666666666664,32.5,133,At Risk
INV001653,6,2024-02-18,2024-11-20,55.2,88.0,94,At Risk
INV004112,6,2024-01-28,2024-10-30,55.2,59.0,112,At Risk
INV003892,10,2024-01-02,2025-05-13,55.22222222222222,47.0,114,At Risk
INV000013,7,2024-04-18,2025-03-16,55.333333333333336,54.0,104,At Risk
INV001102,7,2024-02-06,2025-01-03,55.333333333333336,59.0,87,At Risk
INV002767,7,2024-06-14,2025-05-12,55.333333333333336,42.0,145,At Risk
INV002697,7,2024-01-20,2024-12-17,55.333333333333336,32.0,199,At Risk
INV002400,9,2024-01-04,2025-03-22,55.375,40.0,141,At Risk
INV002361,6,2024-01-08,2024-10-11,55.4,34.0,198,At Risk
INV001979,6,2024-07-28,2025-05-01,55.4,43.0,100,At Risk
INV003398,8,2024-02-27,2025-03-21,55.42857142857143,42.0,140,At Risk
INV000822,7,2024-02-02,2024-12-31,55.5,33.5,141,At Risk
INV002942,9,2024-01-14,2025-04-02,55.5,40.0,180,At Risk
INV000093,7,2024-01-30,2024-12-28,55.5,50.5,91,At Risk
INV002409,8,2024-05-04,2025-05-28,55.57142857142857,49.0,125,At Risk
INV001757,8,2024-04-01,2025-04-25,55.57142857142857,51.0,121,At Risk
INV000843,6,2024-05-01,2025-02-03,55.6,43.0,102,At Risk
INV003158,9,2024-01-27,2025-04-16,55.625,54.5,138,At Risk
INV000395,7,2024-04-13,2025-03-13,55.666666666666664,50.0,119,At Risk
INV001564,8,2024-03-23,2025-04-17,55.714285714285715,34.0,157,At Risk
INV004243,8,2024-02-12,2025-03-08,55.714285714285715,54.0,131,At Risk
INV002572,8,2024-04-24,2025-05-19,55.714285714285715,51.0,108,At Risk
INV000280,9,2024-01-22,2025-04-12,55.75,35.0,191,At Risk
INV000547,6,2024-03-15,2024-12-19,55.8,39.0,140,At Risk
INV004094,6,2024-08-23,2025-05-29,55.8,31.0,167,At Risk
INV004106,6,2024-02-24,2024-11-29,55.8,25.0,151,At Risk
INV002025,7,2024-05-24,2025-04-24,55.833333333333336,64.0,92,At Risk
INV000615,7,2024-03-15,2025-02-13,55.833333333333336,28.5,139,At Risk
INV002171,7,2024-03-08,2025-02-06,55.833333333333336,26.5,150,At Risk
INV001053,8,2024-02-18,2025-03-15,55.857142857142854,69.0,116,At Risk
INV004891,8,2024-02-08,2025-03-05,55.857142857142854,47.0,128,At Risk
INV001804,8,2024-02-06,2025-03-03,55.857142857142854,38.0,126,At Risk
INV004607,8,2024-03-06,2025-04-02,56.0,22.0,214,At Risk
INV001654,7,2024-02-17,2025-01-18,56.0,46.5,137,At Risk
INV003475,9,2024-01-14,2025-04-06,56.0,33.0,155,At Risk
INV004868,8,2024-04-13,2025-05-10,56.0,24.0,226,At Risk
INV000131,7,2024-04-05,2025-03-07,56.0,50.0,123,At Risk
INV003979,8,2024-02-29,2025-03-27,56.0,43.0,123,At Risk
INV001597,7,2024-06-19,2025-05-21,56.0,39.0,165,At Risk
INV002360,9,2024-03-05,2025-05-28,56.125,40.5,129,At Risk
INV002575,9,2024-02-18,2025-05-12,56.125,50.0,128,At Risk
INV000183,9,2024-02-20,2025-05-14,56.125,30.0,216,At Risk
INV003748,8,2024-02-05,2025-03-04,56.142857142857146,29.0,182,At Risk
INV001383,8,2024-02-26,2025-03-25,56.142857142857146,43.0,117,At Risk
INV002794,7,2024-02-12,2025-01-14,56.166666666666664,55.0,111,At Risk
INV001841,6,2024-06-21,2025-03-29,56.2,33.0,129,At Risk
INV003179,9,2024-01-25,2025-04-19,56.25,49.5,151,At Risk
INV000690,8,2024-04-23,2025-05-22,56.285714285714285,48.0,134,At Risk
INV003945,7,2024-02-01,2025-01-04,56.333333333333336,25.0,175,At Risk
INV002471,6,2024-01-07,2024-10-15,56.4,73.0,98,At Risk
INV003178,6,2024-02-18,2024-11-26,56.4,56.0,84,At Risk
INV003374,7,2024-06-11,2025-05-16,56.5,41.5,128,At Risk
INV000191,7,2024-04-12,2025-03-17,56.5,38.0,161,At Risk
INV004063,8,2024-04-13,2025-05-14,56.57142857142857,36.0,167,At Risk
INV001993,6,2024-02-15,2024-11-24,56.6,19.0,147,At Risk
INV003403,6,2024-02-01,2024-11-10,56.6,29.0,116,At Risk
INV003391,6,2024-06-06,2025-03-16,56.6,21.0,193,At Risk
INV001585,6,2024-04-12,2025-01-20,56.6,41.0,182,At Risk
INV003478,9,2024-01-27,2025-04-24,56.625,38.5,195,At Risk
INV000467,10,2024-01-01,2025-05-25,56.666666666666664,27.0,272,At Risk
INV002838,8,2024-03-28,2025-04-29,56.714285714285715,45.0,116,At Risk
INV003308,9,2024-02-19,2025-05-18,56.75,50.5,141,At Risk
INV001516,6,2024-07-31,2025-05-11,56.8,75.0,85,At Risk
INV004715,7,2024-06-22,2025-05-29,56.833333333333336,39.0,169,At Risk
INV001532,7,2024-03-07,2025-02-11,56.833333333333336,62.5,101,At Risk
INV001737,7,2024-02-08,2025-01-14,56.833333333333336,39.0,191,At Risk
INV001631,6,2024-07-04,2025-04-15,57.0,54.0,101,At Risk
INV001137,7,2024-02-29,2025-02-05,57.0,52.5,120,At Risk
INV004391,6,2024-01-03,2024-10-14,57.0,54.0,96,At Risk
INV000012,8,2024-03-27,2025-04-30,57.0,48.0,132,At Risk
INV002329,7,2024-01-06,2024-12-13,57.0,46.5,183,At Risk
INV000105,8,2024-01-02,2025-02-04,57.0,63.0,87,At Risk
INV003140,8,2024-03-11,2025-04-14,57.0,19.0,125,At Risk
INV004306,7,2024-04-28,2025-04-05,57.0,56.0,118,At Risk
INV001442,9,2024-02-21,2025-05-23,57.125,36.0,238,At Risk
INV003219,6,2024-02-27,2024-12-09,57.2,70.0,86,At Risk
INV001387,9,2024-02-01,2025-05-04,57.25,57.5,130,At Risk
INV004776,9,2024-02-11,2025-05-15,57.375,51.0,145,At Risk
INV002415,8,2024-03-14,2025-04-20,57.42857142857143,51.0,110,At Risk
INV003780,8,2024-02-01,2025-03-09,57.42857142857143,35.0,135,At Risk
INV003407,8,2024-03-03,2025-04-09,57.42857142857143,31.0,146,At Risk
INV003075,8,2024-01-05,2025-02-10,57.42857142857143,51.0,128,At Risk
INV002230,8,2024-03-18,2025-04-25,57.57142857142857,31.0,171,At Risk
INV001160,8,2024-04-02,2025-05-10,57.57142857142857,57.0,99,At Risk
INV001777,9,2024-01-27,2025-05-02,57.625,40.0,156,At Risk
INV004983,7,2024-01-16,2024-12-27,57.666666666666664,34.5,128,At Risk
INV000173,7,2024-04-18,2025-03-30,57.666666666666664,38.5,165,At Risk
INV003036,8,2024-04-16,2025-05-25,57.714285714285715,29.0,138,At Risk
INV002343,9,2024-01-04,2025-04-10,57.75,53.5,115,At Risk
INV000445,9,2024-01-24,2025-04-30,57.75,52.5,129,At Risk
INV003851,7,2024-06-02,2025-05-15,57.833333333333336,48.0,121,At Risk
INV000718,7,2024-01-16,2024-12-28,57.833333333333336,46.0,118,At Risk
INV003063,7,2024-01-05,2024-12-17,57.833333333333336,45.0,112,At Risk
INV001202,8,2024-04-09,2025-05-20,58.0,61.0,103,At Risk
INV000194,7,2024-05-23,2025-05-06,58.0,51.0,109,At Risk
INV001116,9,2024-02-17,2025-05-27,58.125,36.5,194,At Risk
INV001823,8,2024-01-25,2025-03-07,58.142857142857146,65.0,172,At Risk
INV000929,7,2024-03-28,2025-03-12,58.166666666666664,53.0,116,At Risk
INV002994,7,2024-05-13,2025-04-27,58.166666666666664,42.5,142,At Risk
INV000403,6,2024-05-30,2025-03-17,58.2,65.0,90,At Risk
INV001599,6,2024-01-15,2024-11-01,58.2,50.0,133,At Risk
INV004098,6,2024-06-23,2025-04-10,58.2,61.0,87,At Risk
INV004199,6,2024-04-16,2025-02-01,58.2,35.0,138,At Risk
INV003003,9,2024-02-04,2025-05-15,58.25,63.0,100,At Risk
INV003187,9,2024-02-01,2025-05-12,58.25,13.5,244,At Risk
INV000827,8,2024-04-05,2025-05-18,58.285714285714285,51.0,122,At Risk
INV002162,9,2024-02-04,2025-05-16,58.375,43.0,198,At Risk
INV002737,8,2024-03-30,2025-05-13,58.42857142857143,63.0,104,At Risk
INV002157,7,2024-02-03,2025-01-19,58.5,48.0,142,At Risk
INV000023,8,2024-03-21,2025-05-05,58.57142857142857,66.0,115,At Risk
INV003528,9,2024-01-23,2025-05-06,58.625,41.0,186,At Risk
INV004635,7,2024-03-07,2025-02-22,58.666666666666664,55.5,142,At Risk
INV004477,8,2024-04-06,2025-05-22,58.714285714285715,36.0,180,At Risk
INV001866,6,2024-02-27,2024-12-17,58.8,59.0,117,At Risk
INV004099,6,2024-04-01,2025-01-20,58.8,34.0,174,At Risk
INV001927,6,2024-05-22,2025-03-12,58.8,56.0,91,At Risk
INV001951,7,2024-04-26,2025-04-14,58.833333333333336,51.5,124,At Risk
INV001680,9,2024-01-10,2025-04-25,58.875,17.5,200,At Risk
INV001803,6,2024-05-25,2025-03-16,59.0,77.0,127,At Risk
INV001235,9,2024-02-03,2025-05-20,59.0,46.0,161,At Risk
INV003406,8,2024-02-02,2025-03-21,59.0,21.0,251,At Risk
INV003734,8,2024-02-19,2025-04-07,59.0,24.0,290,At Risk
INV003491,9,2024-02-12,2025-05-30,59.125,50.5,119,At Risk
INV000589,9,2024-02-01,2025-05-19,59.125,62.5,90,At Risk
INV004956,8,2024-02-17,2025-04-06,59.142857142857146,45.0,155,At Risk
INV002401,8,2024-01-12,2025-03-01,59.142857142857146,59.0,125,At Risk
INV004594,8,2024-03-08,2025-04-26,59.142857142857146,75.0,122,At Risk
INV002704,8,2024-03-19,2025-05-07,59.142857142857146,44.0,139,At Risk
INV001924,7,2024-01-06,2024-12-26,59.166666666666664,58.5,119,At Risk
INV003627,7,2024-05-25,2025-05-15,59.166666666666664,46.5,152,At Risk
INV004372,6,2024-04-12,2025-02-02,59.2,32.0,155,At Risk
INV000907,6,2024-04-08,2025-01-29,59.2,53.0,139,At Risk
INV000529,6,2024-06-08,2025-03-31,59.2,72.0,110,At Risk
INV000371,8,2024-01-18,2025-03-08,59.285714285714285,56.0,147,At Risk
INV002793,7,2024-05-30,2025-05-21,59.333333333333336,56.5,125,At Risk
INV003301,9,2024-01-25,2025-05-14,59.375,56.5,113,At Risk
INV003372,6,2024-03-04,2024-12-26,59.4,58.0,118,At Risk
INV003459,6,2024-07-08,2025-05-01,59.4,71.0,113,At Risk
INV000877,6,2024-06-21,2025-04-14,59.4,36.0,159,At Risk
INV000776,8,2024-03-07,2025-04-27,59.42857142857143,58.0,116,At Risk
INV003360,8,2024-03-14,2025-05-04,59.42857142857143,46.0,163,At Risk
INV003146,9,2024-02-01,2025-05-22,59.5,34.0,283,At Risk
INV001064,9,2024-01-09,2025-04-29,59.5,43.0,160,At Risk
INV000893,7,2024-02-05,2025-01-27,59.5,46.5,147,At Risk
INV000260,8,2024-01-08,2025-02-28,59.57142857142857,27.0,206,At Risk
INV004602,9,2024-01-04,2025-04-25,59.625,24.5,242,At Risk
INV002808,7,2024-05-04,2025-04-27,59.666666666666664,44.5,120,At Risk
INV000123,7,2024-03-28,2025-03-21,59.666666666666664,41.5,142,At Risk
INV000778,8,2024-03-22,2025-05-14,59.714285714285715,28.0,182,At Risk
INV004924,9,2024-01-10,2025-05-02,59.75,67.5,116,At Risk
INV000228,9,2024-01-10,2025-05-02,59.75,50.5,188,At Risk
INV003214,6,2024-03-19,2025-01-12,59.8,43.0,170,At Risk
INV001458,7,2024-02-01,2025-01-25,59.833333333333336,72.0,101,At Risk
INV002804,8,2024-03-27,2025-05-20,59.857142857142854,24.0,209,At Risk
INV001656,8,2024-02-18,2025-04-12,59.857142857142854,29.0,246,At Risk
INV001806,8,2024-01-04,2025-02-27,60.0,25.0,209,At Risk
INV004531,8,2024-02-27,2025-04-22,60.0,42.0,159,At Risk
INV002369,6,2024-04-02,2025-01-27,60.0,63.0,136,At Risk
INV000768,8,2024-01-17,2025-03-12,60.0,55.0,124,At Risk
INV004153,8,2024-04-04,2025-05-29,60.0,57.0,125,At Risk
INV002319,7,2024-01-19,2025-01-13,60.0,60.5,123,At Risk
INV001217,8,2024-02-29,2025-04-25,60.142857142857146,44.0,205,At Risk
INV003273,8,2024-03-17,2025-05-12,60.142857142857146,38.0,134,At Risk
INV001950,7,2024-05-24,2025-05-20,60.166666666666664,52.5,134,At Risk
INV003862,7,2024-02-25,2025-02-20,60.166666666666664,47.0,184,At Risk
INV001662,6,2024-01-22,2024-11-18,60.2,12.0,147,At Risk
INV001355,6,2024-06-03,2025-03-31,60.2,16.0,187,At Risk
INV002127,6,2024-05-18,2025-03-15,60.2,65.0,113,At Risk
INV001001,8,2024-02-15,2025-04-12,60.285714285714285,37.0,137,At Risk
INV002151,9,2024-01-16,2025-05-13,60.375,35.5,201,At Risk
INV001140,6,2024-04-29,2025-02-25,60.4,23.0,125,At Risk
INV001937,8,2024-03-30,2025-05-27,60.42857142857143,32.0,253,At Risk
INV002939,7,2024-04-23,2025-04-21,60.5,49.5,127,At Risk
INV003708,7,2024-04-27,2025-04-25,60.5,45.0,104,At Risk
INV004319,9,2024-01-15,2025-05-13,60.5,39.5,275,At Risk
INV003457,7,2024-04-13,2025-04-11,60.5,56.0,117,At Risk
INV003654,7,2024-05-29,2025-05-27,60.5,54.5,124,At Risk
INV001605,8,2024-01-08,2025-03-07,60.57142857142857,48.0,136,At Risk
INV000939,8,2024-02-23,2025-04-22,60.57142857142857,39.0,154,At Risk
INV001234,8,2024-01-27,2025-03-26,60.57142857142857,42.0,119,At Risk
INV000029,7,2024-05-16,2025-05-15,60.666666666666664,63.0,96,At Risk
INV000441,6,2024-06-28,2025-04-28,60.8,63.0,151,At Risk
INV000986,7,2024-02-28,2025-02-27,60.833333333333336,32.0,182,At Risk
INV003215,7,2024-01-19,2025-01-18,60.833333333333336,59.5,105,At Risk
INV003509,9,2024-01-20,2025-05-21,60.875,61.5,149,At Risk
INV000163,8,2024-01-06,2025-03-08,61.0,60.0,80,At Risk
INV004411,6,2024-02-03,2024-12-04,61.0,58.0,111,At Risk
INV003242,7,2024-05-05,2025-05-06,61.0,45.0,159,At Risk
INV004239,8,2024-02-26,2025-04-29,61.142857142857146,48.0,130,At Risk
INV004755,7,2024-04-19,2025-04-21,61.166666666666664,54.0,181,At Risk
INV003221,7,2024-01-17,2025-01-18,61.166666666666664,71.5,99,At Risk
INV002368,7,2024-04-06,2025-04-08,61.166666666666664,26.0,215,At Risk
INV003271,7,2024-02-09,2025-02-10,61.166666666666664,50.0,157,At Risk
INV000854,9,2024-01-05,2025-05-09,61.25,45.0,170,At Risk
INV003432,7,2024-02-16,2025-02-18,61.333333333333336,63.5,97,At Risk
INV004753,6,2024-07-01,2025-05-04,61.4,77.0,87,At Risk
INV002722,6,2024-06-08,2025-04-11,61.4,16.0,178,At Risk
INV003913,8,2024-02-09,2025-04-14,61.42857142857143,57.0,136,At Risk
INV002568,8,2024-03-02,2025-05-07,61.57142857142857,63.0,144,At Risk
INV004361,8,2024-01-30,2025-04-05,61.57142857142857,49.0,124,At Risk
INV004450,6,2024-01-08,2024-11-11,61.6,24.0,153,At Risk
INV002826,6,2024-01-20,2024-11-23,61.6,57.0,91,At Risk
INV002290,6,2024-04-28,2025-03-02,61.6,75.0,112,At Risk
INV004484,6,2024-04-19,2025-02-21,61.6,8.0,182,At Risk
INV004125,9,2024-01-03,2025-05-10,61.625,52.5,142,At Risk
INV001802,7,2024-05-02,2025-05-07,61.666666666666664,49.5,151,At Risk
INV001117,8,2024-02-23,2025-04-30,61.714285714285715,62.0,137,At Risk
INV002216,8,2024-03-01,2025-05-07,61.714285714285715,44.0,172,At Risk
INV000180,6,2024-05-07,2025-03-12,61.8,26.0,229,At Risk
INV003723,6,2024-02-23,2024-12-28,61.8,53.0,124,At Risk
INV001551,6,2024-07-01,2025-05-06,61.8,45.0,131,At Risk
INV000164,6,2024-04-17,2025-02-20,61.8,23.0,208,At Risk
INV003257,6,2024-07-25,2025-05-30,61.8,58.0,139,At Risk
INV004266,7,2024-01-10,2025-01-15,61.833333333333336,62.5,101,At Risk
INV002654,8,2024-02-05,2025-04-13,61.857142857142854,82.0,115,At Risk
INV004014,9,2024-01-14,2025-05-23,61.875,49.5,182,At Risk
INV004819,7,2024-03-09,2025-03-16,62.0,64.0,120,At Risk
INV004813,6,2024-01-31,2024-12-06,62.0,11.0,253,At Risk
INV002570,7,2024-02-14,2025-02-20,62.0,41.0,150,At Risk
INV000874,9,2024-01-04,2025-05-15,62.125,39.0,149,At Risk
INV001909,8,2024-02-21,2025-05-01,62.142857142857146,64.0,121,At Risk
INV002196,8,2024-01-02,2025-03-12,62.142857142857146,68.0,115,At Risk
INV004009,8,2024-02-17,2025-04-28,62.285714285714285,68.0,87,At Risk
INV002659,7,2024-03-17,2025-03-26,62.333333333333336,33.0,224,At Risk
INV000646,7,2024-05-17,2025-05-26,62.333333333333336,51.0,138,At Risk
INV000268,7,2024-01-22,2025-01-30,62.333333333333336,48.0,143,At Risk
INV003625,6,2024-05-19,2025-03-27,62.4,54.0,168,At Risk
INV000568,6,2024-03-13,2025-01-19,62.4,25.0,180,At Risk
INV003357,6,2024-05-17,2025-03-25,62.4,72.0,100,At Risk
INV002111,8,2024-01-24,2025-04-05,62.42857142857143,55.0,123,At Risk
INV001697,9,2024-01-08,2025-05-22,62.5,31.5,287,At Risk
INV004464,7,2024-02-21,2025-03-02,62.5,48.0,142,At Risk
INV003905,7,2024-04-28,2025-05-08,62.5,61.5,103,At Risk
INV000205,8,2024-01-27,2025-04-09,62.57142857142857,39.0,193,At Risk
INV002251,6,2024-06-24,2025-05-03,62.6,60.0,157,At Risk
INV003169,6,2024-05-16,2025-03-25,62.6,11.0,178,At Risk
INV000400,6,2024-05-01,2025-03-10,62.6,65.0,101,At Risk
INV003097,8,2024-01-06,2025-03-20,62.714285714285715,56.0,121,At Risk
INV000289,8,2024-01-21,2025-04-04,62.714285714285715,57.0,142,At Risk
INV000675,6,2024-06-09,2025-04-19,62.8,30.0,155,At Risk
INV001837,7,2024-03-15,2025-03-27,62.833333333333336,34.0,157,At Risk
INV001497,9,2024-01-01,2025-05-19,63.0,54.5,138,At Risk
INV004576,6,2024-04-27,2025-03-08,63.0,58.0,132,At Risk
INV002453,7,2024-03-14,2025-03-27,63.0,61.5,87,At Risk
INV004343,6,2024-06-15,2025-04-26,63.0,41.0,190,At Risk
INV004172,8,2024-01-10,2025-03-26,63.0,58.0,196,At Risk
INV004151,8,2024-02-22,2025-05-09,63.142857142857146,26.0,197,At Risk
INV002265,7,2024-05-07,2025-05-21,63.166666666666664,29.0,244,At Risk
INV004967,6,2024-03-26,2025-02-05,63.2,55.0,112,At Risk
INV003787,9,2024-01-09,2025-05-29,63.25,34.0,178,At Risk
INV003370,7,2024-03-13,2025-03-28,63.333333333333336,42.5,206,At Risk
INV000678,7,2024-04-12,2025-04-27,63.333333333333336,62.5,140,At Risk
INV003279,9,2024-01-07,2025-05-28,63.375,52.5,147,At Risk
INV002322,6,2024-05-28,2025-04-10,63.4,63.0,102,At Risk
INV001865,7,2024-01-11,2025-01-26,63.5,56.0,145,At Risk
INV002800,7,2024-03-12,2025-03-28,63.5,67.0,108,At Risk
INV001778,8,2024-01-10,2025-03-30,63.57142857142857,27.0,283,At Risk
INV001394,8,2024-02-06,2025-04-26,63.57142857142857,29.0,171,At Risk
INV002143,8,2024-01-15,2025-04-04,63.57142857142857,45.0,148,At Risk
INV002018,6,2024-03-24,2025-02-05,63.6,49.0,106,At Risk
INV004911,7,2024-01-20,2025-02-05,63.666666666666664,68.0,97,At Risk
INV003393,8,2024-03-02,2025-05-22,63.714285714285715,52.0,178,At Risk
INV004124,6,2024-06-09,2025-04-24,63.8,39.0,193,At Risk
INV000567,6,2024-05-14,2025-03-29,63.8,21.0,166,At Risk
INV000994,6,2024-02-20,2025-01-04,63.8,43.0,167,At Risk
INV004978,7,2024-03-31,2025-04-18,63.833333333333336,39.5,157,At Risk
INV002211,7,2024-03-28,2025-04-15,63.833333333333336,70.5,109,At Risk
INV002675,8,2024-02-05,2025-04-27,63.857142857142854,44.0,138,At Risk
INV000734,8,2024-02-22,2025-05-15,64.0,43.0,180,At Risk
INV002783,7,2024-05-05,2025-05-24,64.0,62.0,126,At Risk
INV000786,9,2024-01-01,2025-05-28,64.125,49.0,199,At Risk
INV004299,8,2024-02-29,2025-05-23,64.14285714285714,80.0,175,At Risk
INV002947,7,2024-01-05,2025-01-24,64.16666666666667,56.0,152,At Risk
INV003524,7,2024-02-18,2025-03-09,64.16666666666667,37.0,203,At Risk
INV003011,7,2024-02-09,2025-02-28,64.16666666666667,55.5,154,At Risk
INV002900,6,2024-05-20,2025-04-06,64.2,70.0,136,At Risk
INV002779,6,2024-06-24,2025-05-11,64.2,69.0,151,At Risk
INV002510,7,2024-01-10,2025-01-30,64.33333333333333,38.5,176,At Risk
INV004335,8,2024-02-10,2025-05-06,64.42857142857143,80.0,104,At Risk
INV000591,7,2024-04-15,2025-05-07,64.5,64.5,112,At Risk
INV002295,7,2024-02-10,2025-03-03,64.5,55.5,159,At Risk
INV004646,7,2024-04-03,2025-04-25,64.5,37.0,158,At Risk
INV004629,8,2024-01-19,2025-04-15,64.57142857142857,60.0,175,At Risk
INV004118,6,2024-06-13,2025-05-02,64.6,55.0,161,At Risk
INV002229,6,2024-04-19,2025-03-08,64.6,59.0,101,At Risk
INV001008,7,2024-02-16,2025-03-10,64.66666666666667,39.5,191,At Risk
INV001530,7,2024-01-14,2025-02-05,64.66666666666667,61.0,122,At Risk
INV004631,8,2024-02-10,2025-05-08,64.71428571428571,69.0,109,At Risk
INV000657,8,2024-01-28,2025-04-25,64.71428571428571,63.0,106,At Risk
INV001455,8,2024-01-10,2025-04-07,64.71428571428571,57.0,153,At Risk
INV004332,8,2024-02-21,2025-05-19,64.71428571428571,59.0,149,At Risk
INV003300,6,2024-04-25,2025-03-15,64.8,40.0,219,At Risk
INV000010,6,2024-04-11,2025-03-01,64.8,42.0,139,At Risk
INV004563,7,2024-04-23,2025-05-17,64.83333333333333,41.0,211,At Risk
INV003781,7,2024-02-07,2025-03-02,64.83333333333333,39.5,199,At Risk
INV002803,7,2024-02-16,2025-03-11,64.83333333333333,53.5,176,At Risk
INV003289,7,2024-02-15,2025-03-10,64.83333333333333,42.5,183,At Risk
INV002613,8,2024-02-16,2025-05-16,65.0,47.0,143,At Risk
INV002159,6,2024-06-18,2025-05-09,65.0,45.0,104,At Risk
INV002585,6,2024-03-29,2025-02-17,65.0,62.0,124,At Risk
INV002673,8,2024-02-21,2025-05-21,65.0,59.0,147,At Risk
INV000101,8,2024-02-08,2025-05-08,65.0,54.0,197,At Risk
INV002945,8,2024-01-27,2025-04-26,65.0,55.0,139,At Risk
INV002085,6,2024-02-29,2025-01-19,65.0,34.0,220,At Risk
INV001587,7,2024-04-10,2025-05-05,65.0,42.0,144,At Risk
INV003089,6,2024-01-23,2024-12-13,65.0,77.0,107,At Risk
INV000709,7,2024-02-07,2025-03-04,65.16666666666667,60.0,128,At Risk
INV000463,7,2024-01-09,2025-02-03,65.16666666666667,44.0,181,At Risk
INV003185,6,2024-05-24,2025-04-15,65.2,40.0,116,At Risk
INV003766,8,2024-02-21,2025-05-23,65.28571428571429,39.0,192,At Risk
INV000102,8,2024-02-11,2025-05-13,65.28571428571429,73.0,109,At Risk
INV000869,6,2024-02-27,2025-01-19,65.4,90.0,100,At Risk
INV004833,6,2024-05-27,2025-04-19,65.4,24.0,171,At Risk
INV000177,8,2024-01-16,2025-04-18,65.42857142857143,40.0,278,At Risk
INV003105,7,2024-02-16,2025-03-15,65.5,54.5,140,At Risk
INV002632,8,2024-01-26,2025-04-29,65.57142857142857,31.0,180,At Risk
INV003511,8,2024-01-19,2025-04-22,65.57142857142857,65.0,183,At Risk
INV002711,8,2024-01-26,2025-04-29,65.57142857142857,49.0,230,At Risk
INV001644,6,2024-05-04,2025-03-28,65.6,80.0,89,At Risk
INV002241,7,2024-04-19,2025-05-18,65.66666666666667,69.0,124,At Risk
INV000887,7,2024-01-28,2025-02-25,65.66666666666667,26.5,268,At Risk
INV003479,8,2024-02-08,2025-05-13,65.71428571428571,37.0,164,At Risk
INV004446,6,2024-05-17,2025-04-11,65.8,53.0,170,At Risk
INV002563,6,2024-01-27,2024-12-21,65.8,45.0,114,At Risk
INV000079,6,2024-06-02,2025-04-27,65.8,81.0,90,At Risk
INV001711,7,2024-03-13,2025-04-12,65.83333333333333,27.0,189,At Risk
INV001336,8,2024-02-10,2025-05-16,65.85714285714286,44.0,198,At Risk
INV000645,6,2024-02-12,2025-01-07,66.0,30.0,127,At Risk
INV002602,8,2024-02-10,2025-05-17,66.0,59.0,151,At Risk
INV000777,6,2024-03-05,2025-01-29,66.0,52.0,121,At Risk
INV001694,8,2024-02-05,2025-05-13,66.14285714285714,54.0,144,At Risk
INV000662,8,2024-01-02,2025-04-09,66.14285714285714,37.0,185,At Risk
INV000844,7,2024-02-09,2025-03-12,66.16666666666667,52.0,151,At Risk
INV001047,7,2024-04-24,2025-05-26,66.16666666666667,65.0,142,At Risk
INV004785,7,2024-03-02,2025-04-03,66.16666666666667,33.0,248,At Risk
INV000415,7,2024-03-30,2025-05-01,66.16666666666667,59.5,128,At Risk
INV001039,6,2024-04-10,2025-03-07,66.2,33.0,187,At Risk
INV001929,6,2024-06-26,2025-05-23,66.2,18.0,242,At Risk
INV004145,6,2024-02-13,2025-01-09,66.2,44.0,144,At Risk
INV004926,8,2024-02-21,2025-05-30,66.28571428571429,59.0,133,At Risk
INV000414,8,2024-01-12,2025-04-20,66.28571428571429,53.0,233,At Risk
INV000691,6,2024-01-27,2024-12-24,66.4,59.0,163,At Risk
INV003557,6,2024-04-03,2025-03-01,66.4,48.0,156,At Risk
INV003083,6,2024-01-25,2024-12-22,66.4,49.0,169,At Risk
INV002178,8,2024-02-10,2025-05-20,66.42857142857143,43.0,236,At Risk
INV004203,8,2024-01-22,2025-05-02,66.57142857142857,58.0,113,At Risk
INV003117,8,2024-02-10,2025-05-21,66.57142857142857,77.0,115,At Risk
INV001712,6,2024-03-29,2025-02-25,66.6,73.0,144,At Risk
INV001275,7,2024-02-11,2025-03-17,66.66666666666667,63.0,140,At Risk
INV004844,7,2024-04-24,2025-05-29,66.66666666666667,71.5,118,At Risk
INV000607,7,2024-01-14,2025-02-17,66.66666666666667,34.0,209,At Risk
INV000146,6,2024-02-12,2025-01-11,66.8,35.0,171,At Risk
INV000578,7,2024-04-21,2025-05-27,66.83333333333333,41.5,164,At Risk
INV001510,7,2024-03-05,2025-04-10,66.83333333333333,69.0,124,At Risk
INV003113,8,2024-01-20,2025-05-02,66.85714285714286,56.0,159,At Risk
INV003920,8,2024-01-17,2025-04-29,66.85714285714286,60.0,132,At Risk
INV003641,8,2024-01-05,2025-04-18,67.0,31.0,219,At Risk
INV001282,6,2024-06-18,2025-05-19,67.0,40.0,196,At Risk
INV001017,6,2024-03-18,2025-02-16,67.0,66.0,142,At Risk
INV003506,7,2024-04-18,2025-05-25,67.0,52.0,132,At Risk
INV001987,7,2024-04-08,2025-05-15,67.0,31.5,241,At Risk
INV003000,7,2024-03-13,2025-04-19,67.0,49.0,137,At Risk
INV001173,6,2024-05-28,2025-04-28,67.0,63.0,146,At Risk
INV000236,8,2024-01-18,2025-05-02,67.14285714285714,67.0,112,At Risk
INV004953,7,2024-02-15,2025-03-24,67.16666666666667,59.0,138,At Risk
INV002937,7,2024-02-15,2025-03-24,67.16666666666667,52.0,184,At Risk
INV002557,7,2024-03-30,2025-05-07,67.16666666666667,24.0,264,At Risk
INV004128,6,2024-02-02,2025-01-03,67.2,45.0,156,At Risk
INV003916,6,2024-03-08,2025-02-07,67.2,62.0,114,At Risk
INV000570,8,2024-02-12,2025-05-28,67.28571428571429,71.0,186,At Risk
INV000833,8,2024-01-08,2025-04-23,67.28571428571429,34.0,182,At Risk
INV002497,8,2024-01-13,2025-04-28,67.28571428571429,54.0,152,At Risk
INV001163,7,2024-01-30,2025-03-09,67.33333333333333,27.0,255,At Risk
INV002277,7,2024-03-05,2025-04-13,67.33333333333333,70.5,127,At Risk
INV001181,8,2024-02-12,2025-05-29,67.42857142857143,69.0,163,At Risk
INV003613,8,2024-01-28,2025-05-14,67.42857142857143,19.0,283,At Risk
INV003141,7,2024-02-13,2025-03-24,67.5,36.5,225,At Risk
INV000949,7,2024-04-03,2025-05-13,67.5,56.0,135,At Risk
INV003230,7,2024-02-19,2025-03-30,67.5,35.5,251,At Risk
INV001629,7,2024-03-28,2025-05-07,67.5,71.5,82,At Risk
INV004547,7,2024-04-04,2025-05-14,67.5,42.0,165,At Risk
INV003252,6,2024-05-05,2025-04-08,67.6,48.0,192,At Risk
INV001645,6,2024-03-15,2025-02-16,67.6,53.0,202,At Risk
INV003205,7,2024-03-12,2025-04-22,67.66666666666667,65.0,111,At Risk
INV000725,7,2024-03-14,2025-04-24,67.66666666666667,68.0,92,At Risk
INV004070,7,2024-02-06,2025-03-18,67.66666666666667,56.0,170,At Risk
INV001606,7,2024-04-08,2025-05-19,67.66666666666667,51.5,148,At Risk
INV003741,7,2024-01-18,2025-02-27,67.66666666666667,58.0,159,At Risk
INV003981,7,2024-04-01,2025-05-12,67.66666666666667,35.0,237,At Risk
INV003795,7,2024-01-05,2025-02-14,67.66666666666667,76.5,122,At Risk
INV003223,8,2024-01-25,2025-05-13,67.71428571428571,25.0,331,At Risk
INV004340,6,2024-03-08,2025-02-10,67.8,7.0,252,At Risk
INV003518,6,2024-04-22,2025-03-27,67.8,62.0,157,At Risk
INV004641,6,2024-02-13,2025-01-17,67.8,72.0,105,At Risk
INV002218,6,2024-03-31,2025-03-05,67.8,64.0,181,At Risk
INV000169,7,2024-03-17,2025-04-28,67.83333333333333,67.0,145,At Risk
INV002153,7,2024-03-22,2025-05-03,67.83333333333333,20.0,194,At Risk
INV004475,7,2024-04-05,2025-05-17,67.83333333333333,66.0,87,At Risk
INV002187,7,2024-04-02,2025-05-14,67.83333333333333,29.5,221,At Risk
INV003458,8,2024-02-06,2025-05-26,67.85714285714286,34.0,206,At Risk
INV004175,8,2024-01-22,2025-05-11,67.85714285714286,59.0,133,At Risk
INV002746,8,2024-01-14,2025-05-04,68.0,36.0,206,At Risk
INV000667,6,2024-05-21,2025-04-26,68.0,73.0,134,At Risk
INV003724,7,2024-01-30,2025-03-13,68.0,45.0,169,At Risk
INV004863,7,2024-03-18,2025-04-30,68.0,38.5,220,At Risk
INV000283,6,2024-02-11,2025-01-16,68.0,40.0,195,At Risk
INV003598,8,2024-01-15,2025-05-05,68.0,71.0,114,At Risk
INV003978,8,2024-01-08,2025-04-29,68.14285714285714,70.0,209,At Risk
INV001415,8,2024-01-17,2025-05-08,68.14285714285714,66.0,173,At Risk
INV003352,8,2024-01-11,2025-05-02,68.14285714285714,46.0,279,At Risk
INV002735,7,2024-03-23,2025-05-06,68.16666666666667,58.5,136,At Risk
INV001170,6,2024-03-03,2025-02-07,68.2,78.0,119,At Risk
INV001329,6,2024-03-22,2025-02-26,68.2,60.0,97,At Risk
INV001715,8,2024-01-31,2025-05-23,68.28571428571429,55.0,188,At Risk
INV004640,7,2024-03-26,2025-05-10,68.33333333333333,51.0,202,At Risk
INV004085,7,2024-04-07,2025-05-22,68.33333333333333,38.0,260,At Risk
INV002357,7,2024-01-03,2025-02-16,68.33333333333333,39.5,240,At Risk
INV000263,8,2024-01-11,2025-05-04,68.42857142857143,19.0,271,At Risk
INV003844,7,2024-03-06,2025-04-21,68.5,47.5,197,At Risk
INV000427,7,2024-02-04,2025-03-21,68.5,87.5,116,At Risk
INV001238,7,2024-03-27,2025-05-12,68.5,36.5,220,At Risk
INV002121,7,2024-04-05,2025-05-21,68.5,47.0,197,At Risk
INV001921,8,2024-01-28,2025-05-22,68.57142857142857,45.0,225,At Risk
INV003880,8,2024-02-03,2025-05-28,68.57142857142857,51.0,193,At Risk
INV003912,6,2024-01-15,2024-12-23,68.6,22.0,195,At Risk
INV000039,6,2024-04-27,2025-04-05,68.6,46.0,129,At Risk
INV002228,6,2024-02-24,2025-02-01,68.6,52.0,109,At Risk
INV003707,6,2024-01-04,2024-12-12,68.6,55.0,152,At Risk
INV001401,6,2024-04-15,2025-03-24,68.6,41.0,197,At Risk
INV004959,6,2024-01-24,2025-01-01,68.6,26.0,193,At Risk
INV000630,7,2024-01-31,2025-03-18,68.66666666666667,47.0,161,At Risk
INV001021,7,2024-01-08,2025-02-23,68.66666666666667,47.0,186,At Risk
INV003962,8,2024-01-21,2025-05-16,68.71428571428571,37.0,302,At Risk
INV002019,6,2024-06-02,2025-05-12,68.8,70.0,117,At Risk
INV003611,7,2024-04-01,2025-05-19,68.83333333333333,45.5,228,At Risk
INV003673,8,2024-01-16,2025-05-12,68.85714285714286,62.0,160,At Risk
INV002034,8,2024-01-06,2025-05-03,69.0,29.0,166,At Risk
INV001536,7,2024-01-04,2025-02-21,69.0,37.5,189,At Risk
INV003211,7,2024-02-19,2025-04-08,69.0,87.0,104,At Risk
INV004413,8,2024-01-29,2025-05-26,69.0,30.0,142,At Risk
INV000196,7,2024-03-17,2025-05-05,69.0,39.0,176,At Risk
INV004871,8,2024-01-10,2025-05-08,69.14285714285714,70.0,170,At Risk
INV000793,8,2024-01-14,2025-05-12,69.14285714285714,47.0,149,At Risk
INV003946,7,2024-01-14,2025-03-04,69.16666666666667,67.0,147,At Risk
INV002232,7,2024-01-08,2025-02-26,69.16666666666667,43.5,174,At Risk
INV003078,7,2024-02-12,2025-04-02,69.16666666666667,72.0,126,At Risk
INV001752,7,2024-02-25,2025-04-16,69.33333333333333,58.0,170,At Risk
INV004212,7,2024-03-29,2025-05-19,69.33333333333333,53.0,169,At Risk
INV001026,6,2024-02-04,2025-01-16,69.4,63.0,132,At Risk
INV000095,6,2024-04-19,2025-04-01,69.4,57.0,155,At Risk
INV001326,8,2024-01-29,2025-05-29,69.42857142857143,40.0,182,At Risk
INV004780,7,2024-02-21,2025-04-13,69.5,60.5,154,At Risk
INV000440,8,2024-01-17,2025-05-18,69.57142857142857,60.0,162,At Risk
INV003022,6,2024-03-22,2025-03-05,69.6,65.0,123,At Risk
INV001724,7,2024-02-18,2025-04-11,69.66666666666667,60.0,134,At Risk
INV004270,7,2024-03-28,2025-05-20,69.66666666666667,35.5,204,At Risk
INV004661,8,2024-01-21,2025-05-23,69.71428571428571,46.0,181,At Risk
INV001242,6,2024-01-19,2025-01-02,69.8,82.0,128,At Risk
INV000287,7,2024-01-17,2025-03-11,69.83333333333333,24.0,301,At Risk
INV004401,8,2024-01-12,2025-05-15,69.85714285714286,31.0,216,At Risk
INV002490,8,2024-01-09,2025-05-13,70.0,67.0,125,At Risk
INV000304,7,2024-02-01,2025-03-27,70.0,41.5,204,At Risk
INV004825,7,2024-03-11,2025-05-05,70.0,62.5,141,At Risk
INV002640,7,2024-01-29,2025-03-24,70.0,70.0,153,At Risk
INV003047,8,2024-01-20,2025-05-25,70.14285714285714,49.0,215,At Risk
INV002373,8,2024-01-19,2025-05-24,70.14285714285714,46.0,154,At Risk
INV002370,7,2024-03-10,2025-05-05,70.16666666666667,38.0,237,At Risk
INV000507,7,2024-02-27,2025-04-23,70.16666666666667,43.0,249,At Risk
INV003228,7,2024-02-02,2025-03-29,70.16666666666667,35.5,256,At Risk
INV000554,6,2024-02-18,2025-02-03,70.2,75.0,171,At Risk
INV003745,6,2024-04-07,2025-03-24,70.2,39.0,183,At Risk
INV000256,6,2024-03-02,2025-02-16,70.2,37.0,155,At Risk
INV003607,6,2024-05-15,2025-05-02,70.4,30.0,253,At Risk
INV000008,6,2024-05-27,2025-05-14,70.4,44.0,165,At Risk
INV002485,6,2024-03-25,2025-03-12,70.4,55.0,136,At Risk
INV002202,8,2024-01-13,2025-05-20,70.42857142857143,26.0,276,At Risk
INV000483,8,2024-01-18,2025-05-25,70.42857142857143,53.0,252,At Risk
INV002182,7,2024-02-19,2025-04-17,70.5,69.5,148,At Risk
INV001351,7,2024-01-26,2025-03-24,70.5,48.5,208,At Risk
INV000469,7,2024-03-30,2025-05-27,70.5,54.0,183,At Risk
INV000045,6,2024-03-13,2025-03-01,70.6,72.0,109,At Risk
INV002736,6,2024-01-17,2025-01-04,70.6,8.0,323,At Risk
INV003487,6,2024-02-29,2025-02-16,70.6,44.0,155,At Risk
INV000259,6,2024-01-25,2025-01-12,70.6,39.0,165,At Risk
INV002766,6,2024-05-21,2025-05-09,70.6,26.0,151,At Risk
INV003940,7,2024-01-21,2025-03-20,70.66666666666667,71.5,151,At Risk
INV004647,7,2024-01-23,2025-03-22,70.66666666666667,65.5,138,At Risk
INV004889,7,2024-01-28,2025-03-27,70.66666666666667,55.5,159,At Risk
INV003658,8,2024-01-02,2025-05-11,70.71428571428571,92.0,143,At Risk
INV000210,8,2024-01-14,2025-05-23,70.71428571428571,61.0,163,At Risk
INV002732,8,2024-01-07,2025-05-16,70.71428571428571,72.0,151,At Risk
INV002799,6,2024-01-27,2025-01-15,70.8,86.0,129,At Risk
INV001223,7,2024-01-27,2025-03-27,70.83333333333333,61.5,175,At Risk
INV004925,7,2024-01-30,2025-03-30,70.83333333333333,73.5,105,At Risk
INV003670,8,2024-01-01,2025-05-11,70.85714285714286,67.0,160,At Risk
INV002219,8,2024-01-04,2025-05-14,70.85714285714286,62.0,166,At Risk
INV003564,8,2024-01-06,2025-05-17,71.0,36.0,292,At Risk
INV004997,7,2024-02-27,2025-04-28,71.0,44.5,248,At Risk
INV000132,6,2024-05-12,2025-05-02,71.0,81.0,139,At Risk
INV002107,8,2024-01-09,2025-05-21,71.14285714285714,33.0,298,At Risk
INV003044,7,2024-02-24,2025-04-26,71.16666666666667,47.0,237,At Risk
INV001885,6,2024-03-05,2025-02-24,71.2,52.0,128,At Risk
INV004179,6,2024-04-14,2025-04-05,71.2,70.0,129,At Risk
INV004079,7,2024-01-21,2025-03-24,71.33333333333333,43.5,164,At Risk
INV003693,7,2024-01-17,2025-03-20,71.33333333333333,50.5,234,At Risk
INV002208,7,2024-01-31,2025-04-03,71.33333333333333,54.5,142,At Risk
INV001432,6,2024-02-14,2025-02-05,71.4,52.0,175,At Risk
INV004232,6,2024-01-23,2025-01-14,71.4,43.0,232,At Risk
INV004589,6,2024-01-28,2025-01-19,71.4,23.0,225,At Risk
INV003830,6,2024-01-24,2025-01-15,71.4,93.0,115,At Risk
INV004761,6,2024-01-13,2025-01-04,71.4,87.0,139,At Risk
INV002530,8,2024-01-05,2025-05-19,71.42857142857143,40.0,175,At Risk
INV003824,7,2024-03-14,2025-05-17,71.5,62.0,196,At Risk
INV000575,6,2024-03-17,2025-03-10,71.6,62.0,155,At Risk
INV003897,6,2024-04-09,2025-04-02,71.6,54.0,144,At Risk
INV003885,6,2024-06-06,2025-05-30,71.6,31.0,281,At Risk
INV004038,7,2024-03-07,2025-05-11,71.66666666666667,30.5,207,At Risk
INV002280,7,2024-03-15,2025-05-19,71.66666666666667,60.0,182,At Risk
INV001298,7,2024-03-14,2025-05-19,71.83333333333333,67.5,158,At Risk
INV002824,7,2024-02-25,2025-05-01,71.83333333333333,41.0,223,At Risk
INV000497,7,2024-03-23,2025-05-28,71.83333333333333,30.0,191,At Risk
INV002315,7,2024-03-01,2025-05-06,71.83333333333333,36.5,174,At Risk
INV000553,6,2024-04-22,2025-04-17,72.0,46.0,172,At Risk
INV004672,7,2024-01-21,2025-03-28,72.0,71.0,127,At Risk
INV002555,7,2024-01-30,2025-04-06,72.0,59.5,172,At Risk
INV003619,6,2024-05-14,2025-05-09,72.0,94.0,113,At Risk
INV001625,6,2024-02-16,2025-02-10,72.0,45.0,209,At Risk
INV004581,8,2024-01-03,2025-05-22,72.14285714285714,49.0,234,At Risk
INV003580,7,2024-02-09,2025-04-17,72.16666666666667,44.0,227,At Risk
INV001547,7,2024-02-28,2025-05-06,72.16666666666667,69.0,119,At Risk
INV002879,7,2024-03-20,2025-05-27,72.16666666666667,77.5,125,At Risk
INV003210,6,2024-01-12,2025-01-07,72.2,58.0,112,At Risk
INV000830,6,2024-04-21,2025-04-17,72.2,63.0,165,At Risk
INV004147,6,2024-06-01,2025-05-28,72.2,61.0,136,At Risk
INV003711,6,2024-01-28,2025-01-23,72.2,68.0,145,At Risk
INV004787,7,2024-03-19,2025-05-27,72.33333333333333,61.0,140,At Risk
INV003793,7,2024-02-03,2025-04-12,72.33333333333333,26.5,203,At Risk
INV004741,7,2024-01-29,2025-04-07,72.33333333333333,74.0,157,At Risk
INV000754,7,2024-03-02,2025-05-10,72.33333333333333,76.0,103,At Risk
INV004228,7,2024-02-29,2025-05-08,72.33333333333333,91.5,112,At Risk
INV003336,7,2024-02-24,2025-05-03,72.33333333333333,91.0,133,At Risk
INV002458,6,2024-04-20,2025-04-17,72.4,58.0,232,At Risk
INV003380,6,2024-03-02,2025-02-27,72.4,67.0,155,At Risk
INV002750,6,2024-03-17,2025-03-14,72.4,15.0,254,At Risk
INV004357,8,2024-01-03,2025-05-24,72.42857142857143,43.0,305,At Risk
INV001023,8,2024-01-01,2025-05-22,72.42857142857143,31.0,202,At Risk
INV001683,7,2024-03-08,2025-05-17,72.5,62.0,186,At Risk
INV001359,7,2024-03-10,2025-05-19,72.5,32.5,313,At Risk
INV003815,7,2024-02-07,2025-04-17,72.5,54.0,217,At Risk
INV004349,7,2024-02-20,2025-04-30,72.5,73.0,159,At Risk
INV000074,8,2024-01-08,2025-05-30,72.57142857142857,52.0,191,At Risk
INV003702,7,2024-01-13,2025-03-24,72.66666666666667,83.0,118,At Risk
INV002891,8,2024-01-04,2025-05-27,72.71428571428571,77.0,166,At Risk
INV001831,6,2024-03-03,2025-03-02,72.8,46.0,181,At Risk
INV002420,6,2024-01-15,2025-01-13,72.8,75.0,107,At Risk
INV000719,7,2024-02-29,2025-05-11,72.83333333333333,54.0,185,At Risk
INV004288,7,2024-01-25,2025-04-06,72.83333333333333,36.5,223,At Risk
INV000321,7,2024-01-03,2025-03-15,72.83333333333333,45.0,204,At Risk
INV004770,8,2024-01-04,2025-05-28,72.85714285714286,61.0,146,At Risk
INV002177,7,2024-03-16,2025-05-28,73.0,25.0,330,At Risk
INV001454,7,2024-01-03,2025-03-16,73.0,40.5,176,At Risk
INV000161,7,2024-02-23,2025-05-06,73.0,53.0,213,At Risk
INV002905,6,2024-03-03,2025-03-03,73.0,51.0,221,At Risk
INV003424,7,2024-02-16,2025-04-30,73.16666666666667,75.0,124,At Risk
INV004958,7,2024-01-10,2025-03-24,73.16666666666667,68.0,135,At Risk
INV000444,6,2024-04-26,2025-04-27,73.2,70.0,129,At Risk
INV004119,6,2024-03-29,2025-03-30,73.2,41.0,237,At Risk
INV004473,7,2024-01-21,2025-04-05,73.33333333333333,58.0,152,At Risk
INV001274,7,2024-03-06,2025-05-20,73.33333333333333,67.0,161,At Risk
INV000466,7,2024-01-26,2025-04-10,73.33333333333333,98.0,135,At Risk
INV004208,6,2024-05-01,2025-05-03,73.4,70.0,156,At Risk
INV003034,6,2024-05-07,2025-05-09,73.4,69.0,118,At Risk
INV003430,6,2024-05-27,2025-05-29,73.4,62.0,104,At Risk
INV003314,7,2024-02-15,2025-05-01,73.5,55.5,210,At Risk
INV000540,7,2024-02-19,2025-05-05,73.5,73.5,123,At Risk
INV000974,7,2024-01-06,2025-03-22,73.5,58.5,143,At Risk
INV000319,7,2024-02-17,2025-05-03,73.5,59.5,201,At Risk
INV004847,7,2024-01-27,2025-04-12,73.5,32.0,281,At Risk
INV000873,7,2024-02-09,2025-04-25,73.5,20.5,299,At Risk
INV002706,6,2024-03-26,2025-03-29,73.6,52.0,133,At Risk
INV002150,6,2024-03-14,2025-03-17,73.6,39.0,216,At Risk
INV004403,6,2024-02-12,2025-02-14,73.6,56.0,150,At Risk
INV002827,6,2024-02-15,2025-02-17,73.6,58.0,200,At Risk
INV004091,6,2024-03-24,2025-03-27,73.6,54.0,240,At Risk
INV002006,6,2024-03-19,2025-03-22,73.6,56.0,157,At Risk
INV002236,7,2024-01-16,2025-04-02,73.66666666666667,79.0,119,At Risk
INV000774,7,2024-02-16,2025-05-03,73.66666666666667,51.0,169,At Risk
INV002913,7,2024-02-08,2025-04-25,73.66666666666667,79.0,168,At Risk
INV004005,7,2024-03-09,2025-05-25,73.66666666666667,26.0,314,At Risk
INV003484,6,2024-02-10,2025-02-13,73.8,9.0,333,At Risk
INV003435,7,2024-02-13,2025-05-01,73.83333333333333,69.0,140,At Risk
INV003043,7,2024-01-30,2025-04-17,73.83333333333333,76.5,131,At Risk
INV004716,7,2024-03-10,2025-05-28,74.0,30.0,197,At Risk
INV003775,6,2024-04-28,2025-05-03,74.0,40.0,151,At Risk
INV004069,6,2024-01-16,2025-01-20,74.0,46.0,196,At Risk
INV003040,6,2024-01-06,2025-01-10,74.0,68.0,194,At Risk
INV002643,6,2024-02-03,2025-02-08,74.2,48.0,229,At Risk
INV000593,6,2024-03-27,2025-04-02,74.2,61.0,179,At Risk
INV003785,6,2024-04-11,2025-04-17,74.2,62.0,160,At Risk
INV003514,6,2024-03-09,2025-03-15,74.2,53.0,172,At Risk
INV002342,6,2024-04-13,2025-04-19,74.2,47.0,212,At Risk
INV001180,6,2024-03-30,2025-04-06,74.4,45.0,198,At Risk
INV000562,6,2024-03-08,2025-03-15,74.4,25.0,197,At Risk
INV001943,6,2024-02-26,2025-03-04,74.4,72.0,171,At Risk
INV003267,6,2024-01-10,2025-01-16,74.4,30.0,197,At Risk
INV002863,6,2024-01-15,2025-01-21,74.4,54.0,199,At Risk
INV003448,7,2024-02-04,2025-04-26,74.5,47.0,200,At Risk
INV004502,7,2024-01-02,2025-03-24,74.5,67.0,165,At Risk
INV002772,7,2024-01-09,2025-03-31,74.5,74.5,168,At Risk
INV002010,6,2024-01-11,2025-01-18,74.6,66.0,103,At Risk
INV004037,6,2024-05-10,2025-05-18,74.6,97.0,137,At Risk
INV002521,6,2024-04-27,2025-05-05,74.6,40.0,206,At Risk
INV003720,6,2024-03-09,2025-03-17,74.6,82.0,116,At Risk
INV002543,7,2024-02-05,2025-04-28,74.66666666666667,85.5,116,At Risk
INV003074,6,2024-02-23,2025-03-03,74.8,59.0,123,At Risk
INV000056,6,2024-01-10,2025-01-18,74.8,51.0,161,At Risk
INV000075,6,2024-05-01,2025-05-10,74.8,79.0,102,At Risk
INV002186,7,2024-02-05,2025-04-29,74.83333333333333,68.5,167,At Risk
INV000779,6,2024-03-21,2025-03-31,75.0,57.0,153,At Risk
INV000635,6,2024-03-13,2025-03-23,75.0,41.0,240,At Risk
INV001579,7,2024-01-04,2025-03-29,75.0,62.5,193,At Risk
INV000761,7,2024-02-26,2025-05-22,75.16666666666667,54.5,173,At Risk
INV003379,7,2024-01-03,2025-03-29,75.16666666666667,27.0,268,At Risk
INV004066,7,2024-01-15,2025-04-10,75.16666666666667,5.5,319,At Risk
INV004984,7,2024-01-31,2025-04-27,75.33333333333333,57.5,177,At Risk
INV000014,7,2024-02-23,2025-05-20,75.33333333333333,58.0,128,At Risk
INV004916,7,2024-01-16,2025-04-13,75.5,55.5,162,At Risk
INV000920,6,2024-01-31,2025-02-12,75.6,51.0,220,At Risk
INV003592,6,2024-02-06,2025-02-18,75.6,46.0,202,At Risk
INV002256,6,2024-01-14,2025-01-26,75.6,70.0,115,At Risk
INV004636,6,2024-02-26,2025-03-10,75.6,36.0,160,At Risk
INV003696,6,2024-04-14,2025-04-28,75.8,20.0,190,At Risk
INV002852,6,2024-03-09,2025-03-23,75.8,41.0,207,At Risk
INV002674,6,2024-02-06,2025-02-19,75.8,72.0,153,At Risk
INV000310,7,2024-02-25,2025-05-25,75.83333333333333,66.5,164,At Risk
INV001955,6,2024-02-15,2025-03-01,76.0,54.0,199,At Risk
INV001870,7,2024-01-06,2025-04-06,76.0,79.0,164,At Risk
INV004285,7,2024-01-17,2025-04-18,76.16666666666667,51.0,169,At Risk
INV001291,6,2024-03-27,2025-04-12,76.2,58.0,181,At Risk
INV000138,6,2024-05-06,2025-05-22,76.2,62.0,220,At Risk
INV004865,7,2024-02-20,2025-05-23,76.33333333333333,79.0,143,At Risk
INV000563,7,2024-02-13,2025-05-16,76.33333333333333,67.0,198,At Risk
INV002786,7,2024-01-12,2025-04-14,76.33333333333333,83.5,124,At Risk
INV002531,7,2024-02-01,2025-05-04,76.33333333333333,62.0,182,At Risk
INV003779,6,2024-03-30,2025-04-16,76.4,99.0,160,At Risk
INV002327,6,2024-01-27,2025-02-12,76.4,55.0,215,At Risk
INV003531,6,2024-01-17,2025-02-02,76.4,63.0,185,At Risk
INV002859,7,2024-02-15,2025-05-19,76.5,58.5,198,At Risk
INV002724,6,2024-02-15,2025-03-04,76.6,30.0,187,At Risk
INV002622,7,2024-01-29,2025-05-03,76.66666666666667,53.5,244,At Risk
INV003697,7,2024-02-13,2025-05-18,76.66666666666667,69.5,163,At Risk
INV001400,6,2024-01-01,2025-01-19,76.8,26.0,266,At Risk
INV003191,6,2024-03-17,2025-04-05,76.8,82.0,138,At Risk
INV003134,7,2024-02-10,2025-05-16,76.83333333333333,63.0,172,At Risk
INV004468,7,2024-02-11,2025-05-17,76.83333333333333,73.0,154,At Risk
INV001130,7,2024-02-08,2025-05-14,76.83333333333333,70.5,131,At Risk
INV000539,7,2024-01-26,2025-05-02,77.0,81.5,153,At Risk
INV002628,6,2024-02-01,2025-02-20,77.0,25.0,322,At Risk
INV000363,7,2024-02-12,2025-05-19,77.0,64.0,153,At Risk
INV000803,7,2024-01-04,2025-04-11,77.16666666666667,56.0,147,At Risk
INV003736,7,2024-01-11,2025-04-18,77.16666666666667,74.0,120,At Risk
INV001220,7,2024-01-08,2025-04-15,77.16666666666667,83.0,104,At Risk
INV004191,7,2024-01-27,2025-05-04,77.16666666666667,27.5,310,At Risk
INV000392,7,2024-02-10,2025-05-18,77.16666666666667,47.0,205,At Risk
INV002671,7,2024-02-10,2025-05-18,77.16666666666667,72.0,163,At Risk
INV003849,6,2024-03-18,2025-04-08,77.2,55.0,146,At Risk
INV000429,6,2024-01-22,2025-02-11,77.2,61.0,187,At Risk
INV002351,6,2024-03-13,2025-04-03,77.2,47.0,204,At Risk
INV003672,6,2024-02-24,2025-03-16,77.2,69.0,180,At Risk
INV001092,7,2024-02-04,2025-05-13,77.33333333333333,60.5,186,At Risk
INV003161,6,2024-03-09,2025-03-31,77.4,86.0,118,At Risk
INV000195,6,2024-04-08,2025-04-30,77.4,102.0,114,At Risk
INV002582,6,2024-02-01,2025-02-22,77.4,54.0,173,At Risk
INV004688,6,2024-01-21,2025-02-12,77.6,61.0,181,At Risk
INV003876,6,2024-03-08,2025-03-31,77.6,64.0,160,At Risk
INV003556,6,2024-04-19,2025-05-12,77.6,68.0,129,At Risk
INV004324,7,2024-02-07,2025-05-18,77.66666666666667,63.0,173,At Risk
INV002260,6,2024-01-25,2025-02-17,77.8,18.0,235,At Risk
INV002240,7,2024-02-02,2025-05-14,77.83333333333333,51.5,266,At Risk
INV000499,7,2024-01-28,2025-05-09,77.83333333333333,61.0,157,At Risk
INV002155,6,2024-04-02,2025-04-27,78.0,36.0,190,At Risk
INV002119,6,2024-03-29,2025-04-23,78.0,45.0,195,At Risk
INV004633,7,2024-01-30,2025-05-13,78.16666666666667,60.5,189,At Risk
INV003593,6,2024-02-12,2025-03-09,78.2,56.0,166,At Risk
INV000581,7,2024-01-30,2025-05-14,78.33333333333333,68.5,160,At Risk
INV004196,7,2024-01-29,2025-05-13,78.33333333333333,44.5,219,At Risk
INV004860,6,2024-03-04,2025-03-31,78.4,56.0,189,At Risk
INV001375,7,2024-02-04,2025-05-20,78.5,48.5,176,At Risk
INV001744,7,2024-01-11,2025-04-26,78.5,75.0,155,At Risk
INV002429,6,2024-02-16,2025-03-15,78.6,34.0,216,At Risk
INV002051,6,2024-03-30,2025-04-27,78.6,71.0,159,At Risk
INV003710,6,2024-01-31,2025-02-27,78.6,83.0,118,At Risk
INV001333,7,2024-01-08,2025-04-24,78.66666666666667,62.0,185,At Risk
INV003811,7,2024-01-14,2025-04-30,78.66666666666667,71.0,141,At Risk
INV001651,7,2024-01-05,2025-04-21,78.66666666666667,92.0,130,At Risk
INV001376,7,2024-01-15,2025-05-01,78.66666666666667,64.5,181,At Risk
INV003054,7,2024-01-01,2025-04-17,78.66666666666667,25.5,209,At Risk
INV003633,6,2024-03-26,2025-04-24,78.8,88.0,119,At Risk
INV003705,6,2024-01-04,2025-02-01,78.8,81.0,152,At Risk
INV003660,6,2024-02-16,2025-03-17,79.0,66.0,164,At Risk
INV001472,6,2024-01-10,2025-02-08,79.0,76.0,141,At Risk
INV003395,6,2024-03-08,2025-04-07,79.0,52.0,192,At Risk
INV001550,7,2024-02-01,2025-05-20,79.0,65.0,191,At Risk
INV003060,7,2024-01-06,2025-04-24,79.0,76.5,135,At Risk
INV001356,6,2024-03-05,2025-04-05,79.2,61.0,191,At Risk
INV001969,6,2024-01-15,2025-02-14,79.2,47.0,163,At Risk
INV004804,6,2024-04-11,2025-05-12,79.2,49.0,137,At Risk
INV004896,6,2024-02-13,2025-03-16,79.4,22.0,252,At Risk
INV002574,6,2024-01-31,2025-03-03,79.4,96.0,139,At Risk
INV001428,6,2024-04-17,2025-05-19,79.4,70.0,174,At Risk
INV003037,7,2024-02-08,2025-05-30,79.5,37.5,300,At Risk
INV004614,6,2024-03-09,2025-04-11,79.6,98.0,117,At Risk
INV003712,6,2024-04-07,2025-05-10,79.6,61.0,163,At Risk
INV001797,7,2024-02-07,2025-05-30,79.66666666666667,85.5,132,At Risk
INV001178,7,2024-01-31,2025-05-23,79.66666666666667,73.0,140,At Risk
INV004271,6,2024-02-17,2025-03-22,79.8,41.0,157,At Risk
INV000979,6,2024-04-08,2025-05-12,79.8,71.0,115,At Risk
INV002700,7,2024-01-10,2025-05-03,79.83333333333333,82.5,140,At Risk
INV002828,6,2024-02-22,2025-03-28,80.0,66.0,211,At Risk
INV001332,7,2024-02-03,2025-05-28,80.0,43.0,179,At Risk
INV000926,6,2024-01-05,2025-02-08,80.0,83.0,111,At Risk
INV003709,6,2024-04-22,2025-05-28,80.2,66.0,181,At Risk
INV003685,6,2024-04-19,2025-05-25,80.2,113.0,132,At Risk
INV002101,6,2024-01-09,2025-02-13,80.2,25.0,248,At Risk
INV003196,7,2024-01-04,2025-04-30,80.33333333333333,36.0,319,At Risk
INV000888,7,2024-01-27,2025-05-23,80.33333333333333,74.5,166,At Risk
INV003562,7,2024-01-31,2025-05-28,80.5,84.0,165,At Risk
INV004877,7,2024-01-14,2025-05-11,80.5,33.0,276,At Risk
INV001434,6,2024-04-09,2025-05-17,80.6,62.0,178,At Risk
INV001548,6,2024-03-20,2025-04-27,80.6,67.0,197,At Risk
INV001482,6,2024-04-10,2025-05-18,80.6,29.0,280,At Risk
INV002761,6,2024-03-01,2025-04-08,80.6,23.0,312,At Risk
INV001161,6,2024-01-23,2025-03-01,80.6,81.0,159,At Risk
INV004364,6,2024-02-10,2025-03-19,80.6,58.0,173,At Risk
INV002684,6,2024-01-28,2025-03-06,80.6,14.0,266,At Risk
INV000545,6,2024-03-27,2025-05-04,80.6,74.0,181,At Risk
INV001923,7,2024-01-06,2025-05-04,80.66666666666667,85.5,106,At Risk
INV002466,7,2024-01-30,2025-05-28,80.66666666666667,60.5,270,At Risk
INV004650,6,2024-02-06,2025-03-16,80.8,104.0,143,At Risk
INV003310,6,2024-02-26,2025-04-05,80.8,83.0,154,At Risk
INV003151,6,2024-04-11,2025-05-21,81.0,49.0,146,At Risk
INV002758,6,2024-03-17,2025-04-26,81.0,43.0,263,At Risk
INV004452,7,2024-01-05,2025-05-05,81.0,73.5,180,At Risk
INV001690,7,2024-01-14,2025-05-15,81.16666666666667,91.5,114,At Risk
INV001310,6,2024-02-03,2025-03-15,81.2,49.0,232,At Risk
INV000724,6,2024-04-11,2025-05-22,81.2,16.0,227,At Risk
INV003825,6,2024-03-22,2025-05-02,81.2,91.0,99,At Risk
INV002070,7,2024-01-10,2025-05-12,81.33333333333333,84.0,118,At Risk
INV004986,7,2024-01-27,2025-05-29,81.33333333333333,70.0,185,At Risk
INV000081,7,2024-01-01,2025-05-03,81.33333333333333,73.5,167,At Risk
INV002809,6,2024-03-23,2025-05-04,81.4,18.0,276,At Risk
INV004457,6,2024-01-29,2025-03-11,81.4,73.0,188,At Risk
INV001115,6,2024-03-07,2025-04-18,81.4,38.0,290,At Risk
INV003222,7,2024-01-12,2025-05-15,81.5,73.0,190,At Risk
INV004992,7,2024-01-05,2025-05-08,81.5,62.5,176,At Risk
INV000599,7,2024-01-13,2025-05-16,81.5,83.5,171,At Risk
INV003713,7,2024-01-08,2025-05-11,81.5,79.5,161,At Risk
INV004367,6,2024-04-10,2025-05-23,81.6,21.0,194,At Risk
INV004845,6,2024-01-25,2025-03-09,81.8,56.0,197,At Risk
INV004293,6,2024-02-07,2025-03-22,81.8,115.0,142,At Risk
INV003757,7,2024-01-17,2025-05-22,81.83333333333333,71.0,156,At Risk
INV000128,6,2024-03-19,2025-05-03,82.0,45.0,181,At Risk
INV004216,7,2024-01-21,2025-05-27,82.0,81.5,195,At Risk
INV001251,6,2024-02-11,2025-03-27,82.0,58.0,223,At Risk
INV001691,6,2024-03-15,2025-04-29,82.0,56.0,254,At Risk
INV002769,7,2024-01-23,2025-05-29,82.0,84.5,141,At Risk
INV003896,6,2024-02-12,2025-03-28,82.0,51.0,255,At Risk
INV002567,6,2024-01-05,2025-02-18,82.0,76.0,127,At Risk
INV003813,6,2024-01-30,2025-03-16,82.2,85.0,122,At Risk
INV002495,6,2024-01-04,2025-02-18,82.2,70.0,174,At Risk
INV002835,7,2024-01-06,2025-05-14,82.33333333333333,58.0,233,At Risk
INV002909,7,2024-01-13,2025-05-21,82.33333333333333,63.5,263,At Risk
INV004412,7,2024-01-06,2025-05-14,82.33333333333333,98.0,173,At Risk
INV003480,6,2024-01-18,2025-03-05,82.4,64.0,211,At Risk
INV000407,6,2024-02-03,2025-03-21,82.4,64.0,157,At Risk
INV003014,6,2024-04-09,2025-05-26,82.4,112.0,144,At Risk
INV003144,7,2024-01-11,2025-05-20,82.5,47.5,243,At Risk
INV002134,7,2024-01-20,2025-05-30,82.66666666666667,61.5,180,At Risk
INV001041,7,2024-01-01,2025-05-13,83.0,56.5,195,At Risk
INV000759,7,2024-01-08,2025-05-20,83.0,95.0,156,At Risk
INV003231,7,2024-01-17,2025-05-29,83.0,51.0,253,At Risk
INV004764,6,2024-03-13,2025-05-02,83.0,94.0,144,At Risk
INV000072,6,2024-03-24,2025-05-13,83.0,46.0,247,At Risk
INV004314,6,2024-02-20,2025-04-10,83.0,58.0,195,At Risk
INV001978,6,2024-03-14,2025-05-04,83.2,94.0,112,At Risk
INV000396,6,2024-01-24,2025-03-15,83.2,96.0,153,At Risk
INV001699,6,2024-01-02,2025-02-21,83.2,68.0,183,At Risk
INV002417,7,2024-01-03,2025-05-17,83.33333333333333,67.0,190,At Risk
INV001961,6,2024-01-07,2025-02-27,83.4,67.0,234,At Risk
INV004665,6,2024-02-29,2025-04-21,83.4,96.0,137,At Risk
INV001569,6,2024-03-03,2025-04-24,83.4,33.0,314,At Risk
INV000103,6,2024-02-08,2025-03-31,83.4,59.0,232,At Risk
INV004763,7,2024-01-10,2025-05-25,83.5,61.5,184,At Risk
INV001689,6,2024-03-25,2025-05-17,83.6,64.0,153,At Risk
INV004692,6,2024-01-22,2025-03-15,83.6,70.0,190,At Risk
INV001206,6,2024-04-05,2025-05-28,83.6,87.0,190,At Risk
INV000701,7,2024-01-13,2025-05-29,83.66666666666667,44.5,298,At Risk
INV002681,7,2024-01-13,2025-05-29,83.66666666666667,69.5,161,At Risk
INV000175,7,2024-01-12,2025-05-28,83.66666666666667,66.0,170,At Risk
INV000082,7,2024-01-09,2025-05-25,83.66666666666667,33.0,351,At Risk
INV000543,7,2024-01-11,2025-05-27,83.66666666666667,73.0,218,At Risk
INV004562,6,2024-01-03,2025-02-25,83.8,53.0,158,At Risk
INV002038,6,2024-01-16,2025-03-11,84.0,42.0,202,At Risk
INV004451,6,2024-03-30,2025-05-24,84.0,97.0,137,At Risk
INV001718,6,2024-02-09,2025-04-04,84.0,66.0,237,At Risk
INV003427,6,2024-02-05,2025-04-01,84.2,27.0,266,At Risk
INV003972,6,2024-03-05,2025-04-30,84.2,69.0,224,At Risk
INV004598,6,2024-02-05,2025-04-01,84.2,60.0,195,At Risk
INV000747,6,2024-01-25,2025-03-23,84.6,19.0,205,At Risk
INV003247,6,2024-03-30,2025-05-27,84.6,74.0,206,At Risk
INV004434,6,2024-03-30,2025-05-27,84.6,92.0,156,At Risk
INV002961,7,2024-01-02,2025-05-24,84.66666666666667,60.0,231,At Risk
INV003422,7,2024-01-07,2025-05-29,84.66666666666667,85.5,167,At Risk
INV004308,7,2024-01-01,2025-05-23,84.66666666666667,66.5,244,At Risk
INV000836,6,2024-01-01,2025-02-28,84.8,87.0,123,At Risk
INV002001,6,2024-03-17,2025-05-15,84.8,11.0,335,At Risk
INV001317,6,2024-01-24,2025-03-23,84.8,109.0,162,At Risk
INV004123,6,2024-03-14,2025-05-13,85.0,93.0,138,At Risk
INV002284,6,2024-02-13,2025-04-13,85.0,55.0,277,At Risk
INV002627,6,2024-03-23,2025-05-22,85.0,44.0,182,At Risk
INV003865,7,2024-01-02,2025-05-27,85.16666666666667,34.0,235,At Risk
INV003262,6,2024-01-13,2025-03-14,85.2,75.0,162,At Risk
INV000299,6,2024-03-22,2025-05-22,85.2,48.0,240,At Risk
INV000004,6,2024-03-16,2025-05-17,85.4,49.0,265,At Risk
INV002872,6,2024-03-19,2025-05-21,85.6,91.0,199,At Risk
INV003958,6,2024-02-07,2025-04-10,85.6,95.0,133,At Risk
INV003376,6,2024-03-21,2025-05-24,85.8,82.0,199,At Risk
INV001419,6,2024-01-11,2025-03-15,85.8,79.0,137,At Risk
INV001982,6,2024-03-18,2025-05-21,85.8,37.0,289,At Risk
INV002476,6,2024-01-19,2025-03-24,86.0,48.0,235,At Risk
INV001507,6,2024-02-01,2025-04-07,86.2,73.0,167,At Risk
INV000625,6,2024-03-22,2025-05-28,86.4,91.0,134,At Risk
INV001912,6,2024-01-16,2025-03-23,86.4,49.0,256,At Risk
INV004517,6,2024-02-03,2025-04-11,86.6,61.0,185,At Risk
INV003095,6,2024-03-03,2025-05-10,86.6,73.0,175,At Risk
INV003344,6,2024-02-10,2025-04-18,86.6,64.0,190,At Risk
INV002989,6,2024-02-15,2025-04-23,86.6,90.0,182,At Risk
INV004174,6,2024-01-01,2025-03-09,86.6,77.0,195,At Risk
INV000418,6,2024-01-16,2025-03-25,86.8,47.0,238,At Risk
INV003744,6,2024-03-13,2025-05-21,86.8,78.0,187,At Risk
INV001954,6,2024-02-06,2025-04-15,86.8,67.0,273,At Risk
INV004913,6,2024-03-12,2025-05-21,87.0,69.0,156,At Risk
INV004247,6,2024-03-17,2025-05-27,87.2,40.0,274,At Risk
INV004523,6,2024-02-26,2025-05-07,87.2,93.0,127,At Risk
INV002586,6,2024-03-13,2025-05-23,87.2,57.0,168,At Risk
INV003868,6,2024-02-26,2025-05-09,87.6,44.0,264,At Risk
INV004127,6,2024-01-02,2025-03-15,87.6,46.0,190,At Risk
INV004015,6,2024-01-31,2025-04-15,88.0,80.0,190,At Risk
INV002434,6,2024-01-13,2025-03-29,88.2,65.0,217,At Risk
INV003526,6,2024-01-30,2025-04-15,88.2,38.0,224,At Risk
INV004146,6,2024-02-12,2025-04-28,88.2,42.0,253,At Risk
INV000133,6,2024-02-15,2025-05-01,88.2,34.0,265,At Risk
INV002743,6,2024-03-14,2025-05-29,88.2,83.0,190,At Risk
INV000243,6,2024-01-25,2025-04-10,88.2,111.0,137,At Risk
INV001641,6,2024-01-19,2025-04-05,88.4,89.0,168,At Risk
INV001418,6,2024-01-31,2025-04-18,88.6,88.0,187,At Risk
INV001997,6,2024-01-04,2025-03-22,88.6,91.0,168,At Risk
INV000710,6,2024-02-27,2025-05-15,88.6,46.0,264,At Risk
INV000597,6,2024-02-03,2025-04-21,88.6,59.0,198,At Risk
INV003733,6,2024-01-12,2025-03-31,88.8,104.0,174,At Risk
INV003329,6,2024-01-17,2025-04-06,89.0,15.0,230,At Risk
INV000291,6,2024-02-13,2025-05-03,89.0,102.0,196,At Risk
INV003521,6,2024-02-28,2025-05-18,89.0,50.0,183,At Risk
INV002547,6,2024-02-04,2025-04-24,89.0,72.0,181,At Risk
INV000145,6,2024-02-17,2025-05-09,89.4,62.0,282,At Risk
INV002154,6,2024-01-26,2025-04-17,89.4,80.0,175,At Risk
INV001741,6,2024-02-14,2025-05-06,89.4,50.0,260,At Risk
INV003260,6,2024-02-15,2025-05-07,89.4,47.0,247,At Risk
INV003936,6,2024-01-21,2025-04-13,89.6,54.0,227,At Risk
INV002606,6,2024-03-02,2025-05-24,89.6,88.0,248,At Risk
INV002903,6,2024-02-04,2025-04-27,89.6,78.0,176,At Risk
INV000783,6,2024-02-14,2025-05-08,89.8,54.0,187,At Risk
INV003545,6,2024-01-27,2025-04-21,90.0,51.0,210,At Risk
INV003604,6,2024-01-15,2025-04-10,90.2,114.0,188,At Risk
INV002090,6,2024-02-11,2025-05-07,90.2,29.0,231,At Risk
INV004392,6,2024-01-30,2025-04-26,90.4,98.0,200,At Risk
INV000297,6,2024-02-01,2025-04-29,90.6,76.0,163,At Risk
INV003492,6,2024-02-10,2025-05-09,90.8,72.0,162,At Risk
INV004421,6,2024-01-17,2025-04-15,90.8,69.0,221,At Risk
INV000950,6,2024-02-26,2025-05-26,91.0,40.0,215,At Risk
INV002984,6,2024-01-24,2025-04-23,91.0,93.0,200,At Risk
INV000862,6,2024-02-13,2025-05-14,91.2,24.0,372,At Risk
INV003437,6,2024-02-06,2025-05-07,91.2,73.0,226,At Risk
INV003028,6,2024-01-02,2025-04-03,91.4,113.0,183,At Risk
INV003718,6,2024-02-20,2025-05-22,91.4,54.0,284,At Risk
INV000457,6,2024-02-25,2025-05-27,91.4,95.0,256,At Risk
INV003112,6,2024-01-22,2025-04-24,91.6,95.0,173,At Risk
INV002418,6,2024-01-30,2025-05-02,91.6,99.0,128,At Risk
INV002138,6,2024-01-22,2025-04-25,91.8,48.0,189,At Risk
INV000076,6,2024-02-06,2025-05-10,91.8,49.0,203,At Risk
INV001623,6,2024-01-27,2025-05-01,92.0,106.0,188,At Risk
INV000217,6,2024-02-04,2025-05-09,92.0,80.0,183,At Risk
INV001196,6,2024-02-20,2025-05-26,92.2,85.0,169,At Risk
INV000245,6,2024-02-08,2025-05-14,92.2,82.0,164,At Risk
INV001287,6,2024-01-09,2025-04-14,92.2,67.0,157,At Risk
INV001316,6,2024-02-05,2025-05-12,92.4,48.0,198,At Risk
INV003350,6,2024-02-14,2025-05-21,92.4,104.0,191,At Risk
INV003968,6,2024-01-31,2025-05-07,92.4,61.0,209,At Risk
INV003683,6,2024-01-11,2025-04-17,92.4,90.0,165,At Risk
INV000737,6,2024-01-31,2025-05-08,92.6,88.0,168,At Risk
INV001545,6,2024-01-29,2025-05-07,92.8,49.0,208,At Risk
INV000087,6,2024-02-20,2025-05-29,92.8,69.0,202,At Risk
INV000673,6,2024-01-13,2025-04-21,92.8,70.0,235,At Risk
INV003985,6,2024-01-19,2025-04-28,93.0,65.0,191,At Risk
INV004738,6,2024-01-25,2025-05-05,93.2,122.0,148,At Risk
INV001055,6,2024-01-14,2025-04-24,93.2,95.0,177,At Risk
INV004181,6,2024-02-05,2025-05-17,93.4,79.0,245,At Risk
INV000238,6,2024-02-08,2025-05-21,93.6,47.0,287,At Risk
INV000028,6,2024-02-07,2025-05-20,93.6,64.0,238,At Risk
INV001005,6,2024-02-07,2025-05-20,93.6,67.0,206,At Risk
INV004704,6,2024-01-17,2025-04-30,93.8,113.0,141,At Risk
INV001602,6,2024-01-07,2025-04-20,93.8,42.0,294,At Risk
INV000652,6,2024-02-09,2025-05-23,93.8,64.0,262,At Risk
INV000814,6,2024-01-15,2025-04-29,94.0,88.0,195,At Risk
INV000651,6,2024-01-20,2025-05-04,94.0,14.0,304,At Risk
INV000339,6,2024-02-15,2025-05-30,94.0,96.0,195,At Risk
INV002594,6,2024-02-07,2025-05-22,94.0,42.0,244,At Risk
INV001331,6,2024-01-04,2025-04-19,94.2,78.0,202,At Risk
INV002348,6,2024-01-30,2025-05-16,94.4,59.0,166,At Risk
INV000663,6,2024-01-04,2025-04-20,94.4,52.0,247,At Risk
INV004463,6,2024-01-18,2025-05-06,94.8,76.0,211,At Risk
INV000214,6,2024-01-11,2025-04-29,94.8,48.0,306,At Risk
INV000491,6,2024-02-02,2025-05-22,95.0,73.0,202,At Risk
INV001772,6,2024-01-21,2025-05-10,95.0,64.0,184,At Risk
INV003996,6,2024-01-25,2025-05-15,95.2,25.0,244,At Risk
INV003645,6,2024-01-29,2025-05-19,95.2,57.0,257,At Risk
INV002372,6,2024-01-26,2025-05-16,95.2,89.0,133,At Risk
INV002560,6,2024-01-02,2025-04-22,95.2,120.0,155,At Risk
INV002463,6,2024-02-07,2025-05-29,95.4,57.0,236,At Risk
INV001809,6,2024-01-21,2025-05-13,95.6,71.0,249,At Risk
INV003473,6,2024-01-08,2025-05-01,95.8,61.0,213,At Risk
INV002883,6,2024-01-18,2025-05-12,96.0,79.0,176,At Risk
INV000335,6,2024-01-25,2025-05-19,96.0,72.0,279,At Risk
INV000549,6,2024-01-19,2025-05-14,96.2,103.0,146,At Risk
INV001167,6,2024-01-03,2025-04-28,96.2,126.0,207,At Risk
INV004625,6,2024-02-03,2025-05-30,96.4,62.0,246,At Risk
INV001891,6,2024-02-03,2025-05-30,96.4,15.0,261,At Risk
INV003686,6,2024-01-26,2025-05-23,96.6,67.0,328,At Risk
INV003193,6,2024-01-05,2025-05-02,96.6,26.0,294,At Risk
INV003234,6,2024-01-19,2025-05-16,96.6,112.0,188,At Risk
INV001013,6,2024-01-09,2025-05-07,96.8,112.0,164,At Risk
INV003649,6,2024-01-22,2025-05-20,96.8,88.0,195,At Risk
INV004143,6,2024-01-22,2025-05-21,97.0,58.0,280,At Risk
INV002395,6,2024-01-17,2025-05-16,97.0,77.0,225,At Risk
INV001190,6,2024-01-04,2025-05-03,97.0,88.0,198,At Risk
INV000380,6,2024-01-18,2025-05-17,97.0,83.0,272,At Risk
INV001070,6,2024-01-05,2025-05-04,97.0,54.0,329,At Risk
INV002912,6,2024-01-22,2025-05-21,97.0,39.0,342,At Risk
INV000318,6,2024-01-29,2025-05-30,97.4,86.0,175,At Risk
INV001141,6,2024-01-27,2025-05-29,97.6,102.0,132,At Risk
INV002558,6,2024-01-23,2025-05-25,97.6,49.0,297,At Risk
INV001304,6,2024-01-06,2025-05-08,97.6,76.0,177,At Risk
INV000437,6,2024-01-01,2025-05-04,97.8,50.0,295,At Risk
INV001769,6,2024-01-03,2025-05-07,98.0,109.0,166,At Risk
INV001237,6,2024-01-18,2025-05-22,98.0,114.0,182,At Risk
INV002873,6,2024-01-18,2025-05-23,98.2,97.0,235,At Risk
INV003684,6,2024-01-25,2025-05-30,98.2,62.0,229,At Risk
INV004454,6,2024-01-24,2025-05-30,98.4,54.0,311,At Risk
INV001491,6,2024-01-07,2025-05-15,98.8,54.0,260,At Risk
INV001367,6,2024-01-03,2025-05-12,99.0,111.0,222,At Risk
INV002166,6,2024-01-01,2025-05-11,99.2,65.0,248,At Risk
INV001883,6,2024-01-16,2025-05-26,99.2,82.0,203,At Risk
INV000608,6,2024-01-09,2025-05-24,100.2,78.0,324,At Risk
INV000522,6,2024-01-12,2025-05-30,100.8,61.0,309,At Risk
INV003325,6,2024-01-07,2025-05-26,101.0,91.0,155,At Risk
INV004296,6,2024-01-02,2025-05-27,102.2,39.0,304,At Risk
INV001156,6,2024-01-02,2025-05-28,102.4,85.0,175,At Risk
INV001890,6,2024-01-02,2025-05-29,102.6,99.0,207,At Risk
